arm	candidate_id	sample_index	framework_aligned_cdr_rmsd_angstrom	target_aligned_cdr_rmsd_angstrom	framework_gate_pass	design_to_target_iptm	design_ptm	iptm	ptm	design_npz_sha256	fold_npz_sha256
internal	design_0	0	1.583935386	52.294058578	true	0.121539533	0.733403921	0.141302586	0.611097336	b986e134b1e08e932baf88a33cf196657bc7b121135b5bb516207c27922fe977	68c124be537e32ec551428636c040aa8e4ab3ca2cb2a194951622649b8b06409
internal	design_0	1	1.798587013	69.465412995	true	0.083741806	0.710170507	0.089180328	0.584366262	b986e134b1e08e932baf88a33cf196657bc7b121135b5bb516207c27922fe977	68c124be537e32ec551428636c040aa8e4ab3ca2cb2a194951622649b8b06409
internal	design_0	2	1.508764162	44.540188730	true	0.157513246	0.742807329	0.196559995	0.630615771	b986e134b1e08e932baf88a33cf196657bc7b121135b5bb516207c27922fe977	68c124be537e32ec551428636c040aa8e4ab3ca2cb2a194951622649b8b06409
internal	design_0	3	1.170813263	74.235966799	true	0.101018086	0.716992021	0.109224744	0.593322873	b986e134b1e08e932baf88a33cf196657bc7b121135b5bb516207c27922fe977	68c124be537e32ec551428636c040aa8e4ab3ca2cb2a194951622649b8b06409
internal	design_0	4	1.465354016	55.193894241	true	0.129063308	0.742999434	0.148357004	0.620259047	b986e134b1e08e932baf88a33cf196657bc7b121135b5bb516207c27922fe977	68c124be537e32ec551428636c040aa8e4ab3ca2cb2a194951622649b8b06409
internal	design_1	0	1.962338007	27.646323249	true	0.100984886	0.712825358	0.108073898	0.590330064	b986e134b1e08e932baf88a33cf196657bc7b121135b5bb516207c27922fe977	df547071bcf6307ea6d20ac858b0febaede9a33de77d323183c4aeebfe9d18b2
internal	design_1	1	1.670119662	67.482674571	true	0.076476298	0.698320627	0.078818776	0.573217392	b986e134b1e08e932baf88a33cf196657bc7b121135b5bb516207c27922fe977	df547071bcf6307ea6d20ac858b0febaede9a33de77d323183c4aeebfe9d18b2
internal	design_1	2	1.423828673	64.944926207	true	0.073799796	0.696633518	0.076779738	0.571504772	b986e134b1e08e932baf88a33cf196657bc7b121135b5bb516207c27922fe977	df547071bcf6307ea6d20ac858b0febaede9a33de77d323183c4aeebfe9d18b2
internal	design_1	3	3.824007579	40.648499724	true	0.265472263	0.755001426	0.265472263	0.653267801	b986e134b1e08e932baf88a33cf196657bc7b121135b5bb516207c27922fe977	df547071bcf6307ea6d20ac858b0febaede9a33de77d323183c4aeebfe9d18b2
internal	design_1	4	1.725025757	67.173288894	true	0.072173633	0.702778995	0.075777620	0.576236665	b986e134b1e08e932baf88a33cf196657bc7b121135b5bb516207c27922fe977	df547071bcf6307ea6d20ac858b0febaede9a33de77d323183c4aeebfe9d18b2
internal	design_2	0	1.629498023	30.545791742	true	0.201069638	0.755971432	0.230199143	0.649576604	b986e134b1e08e932baf88a33cf196657bc7b121135b5bb516207c27922fe977	fe1da6b8aef040483fa7eae78ec52d703fabccc1768f35659d6b75c40c4bca9b
internal	design_2	1	1.443948637	59.822648229	true	0.153471172	0.713897347	0.197176114	0.606826842	b986e134b1e08e932baf88a33cf196657bc7b121135b5bb516207c27922fe977	fe1da6b8aef040483fa7eae78ec52d703fabccc1768f35659d6b75c40c4bca9b
internal	design_2	2	1.372507813	30.057618799	true	0.197932690	0.729397535	0.245163932	0.628106058	b986e134b1e08e932baf88a33cf196657bc7b121135b5bb516207c27922fe977	fe1da6b8aef040483fa7eae78ec52d703fabccc1768f35659d6b75c40c4bca9b
internal	design_2	3	1.666167628	62.344744826	true	0.145067900	0.696497500	0.178140268	0.590872586	b986e134b1e08e932baf88a33cf196657bc7b121135b5bb516207c27922fe977	fe1da6b8aef040483fa7eae78ec52d703fabccc1768f35659d6b75c40c4bca9b
internal	design_2	4	1.560963682	58.102776880	true	0.151519254	0.708172023	0.189673349	0.600031435	b986e134b1e08e932baf88a33cf196657bc7b121135b5bb516207c27922fe977	fe1da6b8aef040483fa7eae78ec52d703fabccc1768f35659d6b75c40c4bca9b
internal	design_3	0	1.131737411	57.634939159	true	0.137144297	0.708986044	0.162850678	0.595354974	b986e134b1e08e932baf88a33cf196657bc7b121135b5bb516207c27922fe977	8c91dad1dbbb2258be3b648047e60785c20b3be665d1b9c7481755bd968134e5
internal	design_3	1	1.508910070	59.955845993	true	0.121495508	0.699659109	0.142233595	0.586357534	b986e134b1e08e932baf88a33cf196657bc7b121135b5bb516207c27922fe977	8c91dad1dbbb2258be3b648047e60785c20b3be665d1b9c7481755bd968134e5
internal	design_3	2	1.551144721	56.452237002	true	0.137079671	0.706853390	0.172496006	0.594782054	b986e134b1e08e932baf88a33cf196657bc7b121135b5bb516207c27922fe977	8c91dad1dbbb2258be3b648047e60785c20b3be665d1b9c7481755bd968134e5
internal	design_3	3	1.320585042	64.743626547	true	0.132762119	0.704599380	0.150327474	0.592352867	b986e134b1e08e932baf88a33cf196657bc7b121135b5bb516207c27922fe977	8c91dad1dbbb2258be3b648047e60785c20b3be665d1b9c7481755bd968134e5
internal	design_3	4	1.186391429	45.314716383	true	0.172342911	0.741488099	0.190574929	0.629357934	b986e134b1e08e932baf88a33cf196657bc7b121135b5bb516207c27922fe977	8c91dad1dbbb2258be3b648047e60785c20b3be665d1b9c7481755bd968134e5
internal	design_4	0	1.581108934	72.585836100	true	0.140745565	0.711665332	0.158137143	0.598928809	b986e134b1e08e932baf88a33cf196657bc7b121135b5bb516207c27922fe977	ecc436d477e47df765a86c7c2287dce81e6a12ac99371b993c6fd0b11612f051
internal	design_4	1	1.150325420	54.563123136	true	0.153462276	0.730678082	0.174602553	0.617310405	b986e134b1e08e932baf88a33cf196657bc7b121135b5bb516207c27922fe977	ecc436d477e47df765a86c7c2287dce81e6a12ac99371b993c6fd0b11612f051
internal	design_4	2	1.122020126	39.210759211	true	0.143724933	0.731301665	0.160369903	0.616147995	b986e134b1e08e932baf88a33cf196657bc7b121135b5bb516207c27922fe977	ecc436d477e47df765a86c7c2287dce81e6a12ac99371b993c6fd0b11612f051
internal	design_4	3	1.154889069	53.491797353	true	0.134142756	0.708532333	0.156920642	0.596430004	b986e134b1e08e932baf88a33cf196657bc7b121135b5bb516207c27922fe977	ecc436d477e47df765a86c7c2287dce81e6a12ac99371b993c6fd0b11612f051
internal	design_4	4	1.024316070	73.265430008	true	0.130158737	0.703744888	0.148211151	0.588581145	b986e134b1e08e932baf88a33cf196657bc7b121135b5bb516207c27922fe977	ecc436d477e47df765a86c7c2287dce81e6a12ac99371b993c6fd0b11612f051
internal	design_5	0	1.189535518	31.514949357	true	0.175932229	0.743629336	0.203562036	0.634546995	b986e134b1e08e932baf88a33cf196657bc7b121135b5bb516207c27922fe977	54226eba3451f8d43a465d479ee0397ba56651e6ec9f5300b6f0ef72c7c5ed81
internal	design_5	1	2.174678189	54.806477100	true	0.104226701	0.710359752	0.105275944	0.589764476	b986e134b1e08e932baf88a33cf196657bc7b121135b5bb516207c27922fe977	54226eba3451f8d43a465d479ee0397ba56651e6ec9f5300b6f0ef72c7c5ed81
internal	design_5	2	1.321978957	23.264423040	true	0.171483099	0.743443191	0.205245003	0.633017063	b986e134b1e08e932baf88a33cf196657bc7b121135b5bb516207c27922fe977	54226eba3451f8d43a465d479ee0397ba56651e6ec9f5300b6f0ef72c7c5ed81
internal	design_5	3	1.614922385	54.763444255	true	0.141708121	0.709108174	0.176821053	0.598339558	b986e134b1e08e932baf88a33cf196657bc7b121135b5bb516207c27922fe977	54226eba3451f8d43a465d479ee0397ba56651e6ec9f5300b6f0ef72c7c5ed81
internal	design_5	4	1.726327377	64.013103937	true	0.122013845	0.705509603	0.145951316	0.591108739	b986e134b1e08e932baf88a33cf196657bc7b121135b5bb516207c27922fe977	54226eba3451f8d43a465d479ee0397ba56651e6ec9f5300b6f0ef72c7c5ed81
internal	design_6	0	1.413269310	46.546857739	true	0.150949001	0.738264799	0.174685836	0.623254955	b986e134b1e08e932baf88a33cf196657bc7b121135b5bb516207c27922fe977	96c8b99260f296eaaa62b950b80a42256fd90ebd4c7552efd6868ba94abe715d
internal	design_6	1	1.239880297	69.789037917	true	0.113662541	0.707543671	0.129232869	0.590310633	b986e134b1e08e932baf88a33cf196657bc7b121135b5bb516207c27922fe977	96c8b99260f296eaaa62b950b80a42256fd90ebd4c7552efd6868ba94abe715d
internal	design_6	2	0.975643537	73.707212514	true	0.138909295	0.715175092	0.154029772	0.597976506	b986e134b1e08e932baf88a33cf196657bc7b121135b5bb516207c27922fe977	96c8b99260f296eaaa62b950b80a42256fd90ebd4c7552efd6868ba94abe715d
internal	design_6	3	0.779854235	63.480832013	true	0.171581209	0.733853638	0.194015384	0.624476194	b986e134b1e08e932baf88a33cf196657bc7b121135b5bb516207c27922fe977	96c8b99260f296eaaa62b950b80a42256fd90ebd4c7552efd6868ba94abe715d
internal	design_6	4	1.125122529	27.462890523	true	0.232063308	0.736479163	0.237817541	0.634074092	b986e134b1e08e932baf88a33cf196657bc7b121135b5bb516207c27922fe977	96c8b99260f296eaaa62b950b80a42256fd90ebd4c7552efd6868ba94abe715d
internal	design_7	0	2.406393853	61.030115221	true	0.092119440	0.723018765	0.096863970	0.597825646	b986e134b1e08e932baf88a33cf196657bc7b121135b5bb516207c27922fe977	6205e5ccaddcc5fdb33dfc8c6f13b47c16ba054a75aa89545eb05ecce845ec70
internal	design_7	1	1.309674002	37.050055667	true	0.179818317	0.737988770	0.179818317	0.626507640	b986e134b1e08e932baf88a33cf196657bc7b121135b5bb516207c27922fe977	6205e5ccaddcc5fdb33dfc8c6f13b47c16ba054a75aa89545eb05ecce845ec70
internal	design_7	2	1.962741474	62.190646111	true	0.085755236	0.715551555	0.090269603	0.590553343	b986e134b1e08e932baf88a33cf196657bc7b121135b5bb516207c27922fe977	6205e5ccaddcc5fdb33dfc8c6f13b47c16ba054a75aa89545eb05ecce845ec70
internal	design_7	3	1.506688525	38.793254723	true	0.130870342	0.729984105	0.130870342	0.610469043	b986e134b1e08e932baf88a33cf196657bc7b121135b5bb516207c27922fe977	6205e5ccaddcc5fdb33dfc8c6f13b47c16ba054a75aa89545eb05ecce845ec70
internal	design_7	4	1.831172557	68.355604863	true	0.076785386	0.715896308	0.079074897	0.587539256	b986e134b1e08e932baf88a33cf196657bc7b121135b5bb516207c27922fe977	6205e5ccaddcc5fdb33dfc8c6f13b47c16ba054a75aa89545eb05ecce845ec70
internal	design_8	0	0.996011863	51.287899946	true	0.160589829	0.721387088	0.196003929	0.612153351	b986e134b1e08e932baf88a33cf196657bc7b121135b5bb516207c27922fe977	44169fb59194a849c31b13e91f705771a3d549ee5d7c6c02efb81f6fbb5c9ba5
internal	design_8	1	1.466038380	54.670016676	true	0.163767323	0.735982776	0.182318941	0.625410676	b986e134b1e08e932baf88a33cf196657bc7b121135b5bb516207c27922fe977	44169fb59194a849c31b13e91f705771a3d549ee5d7c6c02efb81f6fbb5c9ba5
internal	design_8	2	1.450389187	62.946331775	true	0.135274589	0.707179368	0.166401550	0.596075535	b986e134b1e08e932baf88a33cf196657bc7b121135b5bb516207c27922fe977	44169fb59194a849c31b13e91f705771a3d549ee5d7c6c02efb81f6fbb5c9ba5
internal	design_8	3	1.443047984	45.364039184	true	0.173223153	0.730566561	0.226290599	0.625199795	b986e134b1e08e932baf88a33cf196657bc7b121135b5bb516207c27922fe977	44169fb59194a849c31b13e91f705771a3d549ee5d7c6c02efb81f6fbb5c9ba5
internal	design_8	4	1.328101142	65.805656931	true	0.119618520	0.701518238	0.140936077	0.587390482	b986e134b1e08e932baf88a33cf196657bc7b121135b5bb516207c27922fe977	44169fb59194a849c31b13e91f705771a3d549ee5d7c6c02efb81f6fbb5c9ba5
internal	design_9	0	1.616268411	59.909118399	true	0.077656657	0.694996834	0.079041123	0.570612848	b986e134b1e08e932baf88a33cf196657bc7b121135b5bb516207c27922fe977	fb6da118f28b5af11eb1b6bf298d14589580216102be4745550a05524c7cfdb5
internal	design_9	1	1.459223661	28.368094513	true	0.104696982	0.712053001	0.113705888	0.592214346	b986e134b1e08e932baf88a33cf196657bc7b121135b5bb516207c27922fe977	fb6da118f28b5af11eb1b6bf298d14589580216102be4745550a05524c7cfdb5
internal	design_9	2	1.944569781	38.102842326	true	0.166926593	0.735597730	0.166926593	0.621449411	b986e134b1e08e932baf88a33cf196657bc7b121135b5bb516207c27922fe977	fb6da118f28b5af11eb1b6bf298d14589580216102be4745550a05524c7cfdb5
internal	design_9	3	1.994064166	60.653676644	true	0.080008060	0.687262475	0.084120423	0.566181779	b986e134b1e08e932baf88a33cf196657bc7b121135b5bb516207c27922fe977	fb6da118f28b5af11eb1b6bf298d14589580216102be4745550a05524c7cfdb5
internal	design_9	4	3.505341863	46.179346959	true	0.238303527	0.736958742	0.238303527	0.636345327	b986e134b1e08e932baf88a33cf196657bc7b121135b5bb516207c27922fe977	fb6da118f28b5af11eb1b6bf298d14589580216102be4745550a05524c7cfdb5
high_contact	design_0	0	4.225888529	38.788396047	false	0.226554543	0.672959983	0.220574707	0.579532743	b986e134b1e08e932baf88a33cf196657bc7b121135b5bb516207c27922fe977	970183c82bcbbed761dab2ab1463b9c505966ef50e5457f6f298a0d654adabb3
high_contact	design_0	1	4.209124710	42.813411141	false	0.211786076	0.665712118	0.230760276	0.576971233	b986e134b1e08e932baf88a33cf196657bc7b121135b5bb516207c27922fe977	970183c82bcbbed761dab2ab1463b9c505966ef50e5457f6f298a0d654adabb3
high_contact	design_0	2	3.552943590	39.456191703	true	0.186288714	0.663745165	0.188954070	0.567567110	b986e134b1e08e932baf88a33cf196657bc7b121135b5bb516207c27922fe977	970183c82bcbbed761dab2ab1463b9c505966ef50e5457f6f298a0d654adabb3
high_contact	design_0	3	4.229746519	37.195611259	false	0.249321058	0.671355903	0.237185240	0.581751406	b986e134b1e08e932baf88a33cf196657bc7b121135b5bb516207c27922fe977	970183c82bcbbed761dab2ab1463b9c505966ef50e5457f6f298a0d654adabb3
high_contact	design_0	4	3.683557937	32.907776799	true	0.331163734	0.707644165	0.325733334	0.626890302	b986e134b1e08e932baf88a33cf196657bc7b121135b5bb516207c27922fe977	970183c82bcbbed761dab2ab1463b9c505966ef50e5457f6f298a0d654adabb3
high_contact	design_1	0	5.840267462	45.552832404	false	0.365866005	0.659185827	0.302781850	0.581891060	b986e134b1e08e932baf88a33cf196657bc7b121135b5bb516207c27922fe977	213118078bfad2b3c6bf859eb271adaeefdf48976642beea10a68d82d886c201
high_contact	design_1	1	6.243599054	44.197419291	false	0.372547656	0.677296579	0.309469372	0.597840071	b986e134b1e08e932baf88a33cf196657bc7b121135b5bb516207c27922fe977	213118078bfad2b3c6bf859eb271adaeefdf48976642beea10a68d82d886c201
high_contact	design_1	2	6.152358657	36.148686229	false	0.336739570	0.693933606	0.336131573	0.613116980	b986e134b1e08e932baf88a33cf196657bc7b121135b5bb516207c27922fe977	213118078bfad2b3c6bf859eb271adaeefdf48976642beea10a68d82d886c201
high_contact	design_1	3	5.976130526	36.471963475	false	0.326364189	0.697612762	0.327002943	0.621154249	b986e134b1e08e932baf88a33cf196657bc7b121135b5bb516207c27922fe977	213118078bfad2b3c6bf859eb271adaeefdf48976642beea10a68d82d886c201
high_contact	design_1	4	5.819521755	44.836872965	false	0.364211768	0.655719221	0.311913252	0.579331696	b986e134b1e08e932baf88a33cf196657bc7b121135b5bb516207c27922fe977	213118078bfad2b3c6bf859eb271adaeefdf48976642beea10a68d82d886c201
high_contact	design_2	0	1.125694998	61.284088986	true	0.107457303	0.729340553	0.114082783	0.603930235	b986e134b1e08e932baf88a33cf196657bc7b121135b5bb516207c27922fe977	76549650bf74f9b232e2763f12906cde3a8f97d5e8d9eb17902454be9f123b4c
high_contact	design_2	1	1.027082955	57.366026597	true	0.110295802	0.734884441	0.126973137	0.609892428	b986e134b1e08e932baf88a33cf196657bc7b121135b5bb516207c27922fe977	76549650bf74f9b232e2763f12906cde3a8f97d5e8d9eb17902454be9f123b4c
high_contact	design_2	2	3.007457601	48.675613653	true	0.124400117	0.728674829	0.124400117	0.607586205	b986e134b1e08e932baf88a33cf196657bc7b121135b5bb516207c27922fe977	76549650bf74f9b232e2763f12906cde3a8f97d5e8d9eb17902454be9f123b4c
high_contact	design_2	3	1.390842345	39.194584020	true	0.182696640	0.766510606	0.208067447	0.654919207	b986e134b1e08e932baf88a33cf196657bc7b121135b5bb516207c27922fe977	76549650bf74f9b232e2763f12906cde3a8f97d5e8d9eb17902454be9f123b4c
high_contact	design_2	4	1.331072760	64.294107753	true	0.096243434	0.730092168	0.104713298	0.602836430	b986e134b1e08e932baf88a33cf196657bc7b121135b5bb516207c27922fe977	76549650bf74f9b232e2763f12906cde3a8f97d5e8d9eb17902454be9f123b4c
high_contact	design_3	0	1.135143719	63.059083189	true	0.126932606	0.707888603	0.150497228	0.591343284	b986e134b1e08e932baf88a33cf196657bc7b121135b5bb516207c27922fe977	3575e0652039a56d25a371d57facc5558eb1742ab7a079c7a93993a560d25f25
high_contact	design_3	1	1.294913674	53.209583964	true	0.135018528	0.718107045	0.173454687	0.603736460	b986e134b1e08e932baf88a33cf196657bc7b121135b5bb516207c27922fe977	3575e0652039a56d25a371d57facc5558eb1742ab7a079c7a93993a560d25f25
high_contact	design_3	2	1.356809418	41.787376239	true	0.151582032	0.731201649	0.191275448	0.620381296	b986e134b1e08e932baf88a33cf196657bc7b121135b5bb516207c27922fe977	3575e0652039a56d25a371d57facc5558eb1742ab7a079c7a93993a560d25f25
high_contact	design_3	3	1.610625354	53.531486736	true	0.131671116	0.721496761	0.158537731	0.607864916	b986e134b1e08e932baf88a33cf196657bc7b121135b5bb516207c27922fe977	3575e0652039a56d25a371d57facc5558eb1742ab7a079c7a93993a560d25f25
high_contact	design_3	4	1.432148123	22.051766107	true	0.185461238	0.739168465	0.216914147	0.634713650	b986e134b1e08e932baf88a33cf196657bc7b121135b5bb516207c27922fe977	3575e0652039a56d25a371d57facc5558eb1742ab7a079c7a93993a560d25f25
high_contact	design_4	0	1.712155422	39.832530089	true	0.222288474	0.743243158	0.222288474	0.637392104	b986e134b1e08e932baf88a33cf196657bc7b121135b5bb516207c27922fe977	371fa40e9fc349e4e6dbea93f9b12e5efc19219834d9f058476a9e167a949485
high_contact	design_4	1	1.733296132	50.374180056	true	0.120708205	0.721323371	0.137452438	0.603447556	b986e134b1e08e932baf88a33cf196657bc7b121135b5bb516207c27922fe977	371fa40e9fc349e4e6dbea93f9b12e5efc19219834d9f058476a9e167a949485
high_contact	design_4	2	2.020327529	30.910699883	true	0.191060007	0.746006191	0.217647538	0.638792038	b986e134b1e08e932baf88a33cf196657bc7b121135b5bb516207c27922fe977	371fa40e9fc349e4e6dbea93f9b12e5efc19219834d9f058476a9e167a949485
high_contact	design_4	3	1.813859667	38.358641895	true	0.199809164	0.739376724	0.199809164	0.630139232	b986e134b1e08e932baf88a33cf196657bc7b121135b5bb516207c27922fe977	371fa40e9fc349e4e6dbea93f9b12e5efc19219834d9f058476a9e167a949485
high_contact	design_4	4	1.736692497	35.017988216	true	0.235059261	0.745446920	0.235059261	0.640468121	b986e134b1e08e932baf88a33cf196657bc7b121135b5bb516207c27922fe977	371fa40e9fc349e4e6dbea93f9b12e5efc19219834d9f058476a9e167a949485
high_contact	design_5	0	1.116569466	47.769933821	true	0.115627408	0.749323130	0.129371390	0.623978794	b986e134b1e08e932baf88a33cf196657bc7b121135b5bb516207c27922fe977	b74ce4f79233c289722f91338546ea020dc56b5dfd85fbfc4e62613305c1efa5
high_contact	design_5	1	1.560177995	50.460984401	true	0.103996873	0.739100397	0.103996873	0.611489773	b986e134b1e08e932baf88a33cf196657bc7b121135b5bb516207c27922fe977	b74ce4f79233c289722f91338546ea020dc56b5dfd85fbfc4e62613305c1efa5
high_contact	design_5	2	1.585076966	61.095500792	true	0.096318513	0.723625243	0.097898670	0.598346055	b986e134b1e08e932baf88a33cf196657bc7b121135b5bb516207c27922fe977	b74ce4f79233c289722f91338546ea020dc56b5dfd85fbfc4e62613305c1efa5
high_contact	design_5	3	1.461621631	40.765766265	true	0.161805764	0.752844512	0.191334978	0.637357414	b986e134b1e08e932baf88a33cf196657bc7b121135b5bb516207c27922fe977	b74ce4f79233c289722f91338546ea020dc56b5dfd85fbfc4e62613305c1efa5
high_contact	design_5	4	1.443142172	50.357553548	true	0.125892505	0.729840934	0.158861712	0.613128006	b986e134b1e08e932baf88a33cf196657bc7b121135b5bb516207c27922fe977	b74ce4f79233c289722f91338546ea020dc56b5dfd85fbfc4e62613305c1efa5
high_contact	design_6	0	3.271145372	44.867172005	true	0.295768768	0.689960182	0.288236827	0.605163753	b986e134b1e08e932baf88a33cf196657bc7b121135b5bb516207c27922fe977	33eef79a6a409c3e1c1b949c390209456cec63063c961819cd6deaa1875d3551
high_contact	design_6	1	3.079390334	43.327473904	true	0.260665178	0.695955098	0.271234363	0.607785523	b986e134b1e08e932baf88a33cf196657bc7b121135b5bb516207c27922fe977	33eef79a6a409c3e1c1b949c390209456cec63063c961819cd6deaa1875d3551
high_contact	design_6	2	2.918083302	45.714330367	true	0.311744601	0.683494091	0.263629347	0.596121073	b986e134b1e08e932baf88a33cf196657bc7b121135b5bb516207c27922fe977	33eef79a6a409c3e1c1b949c390209456cec63063c961819cd6deaa1875d3551
high_contact	design_6	3	3.373209564	42.264900790	true	0.381056815	0.699041128	0.375580102	0.627873361	b986e134b1e08e932baf88a33cf196657bc7b121135b5bb516207c27922fe977	33eef79a6a409c3e1c1b949c390209456cec63063c961819cd6deaa1875d3551
high_contact	design_6	4	2.878712331	45.614988775	true	0.312503576	0.676711202	0.254582584	0.587934315	b986e134b1e08e932baf88a33cf196657bc7b121135b5bb516207c27922fe977	33eef79a6a409c3e1c1b949c390209456cec63063c961819cd6deaa1875d3551
high_contact	design_7	0	5.964547659	43.122549737	false	0.303445220	0.634762704	0.256885409	0.559102714	b986e134b1e08e932baf88a33cf196657bc7b121135b5bb516207c27922fe977	aac2d0d9bda8a4952b35638e0aa5e131ee67dbebf2066770e57479f5dcd40bcc
high_contact	design_7	1	4.930133802	41.675981666	false	0.308895767	0.629788578	0.263875753	0.553909957	b986e134b1e08e932baf88a33cf196657bc7b121135b5bb516207c27922fe977	aac2d0d9bda8a4952b35638e0aa5e131ee67dbebf2066770e57479f5dcd40bcc
high_contact	design_7	2	5.670202534	43.387327113	false	0.310237914	0.627647877	0.263059497	0.553608894	b986e134b1e08e932baf88a33cf196657bc7b121135b5bb516207c27922fe977	aac2d0d9bda8a4952b35638e0aa5e131ee67dbebf2066770e57479f5dcd40bcc
high_contact	design_7	3	5.172655823	42.398237178	false	0.322129935	0.626606345	0.269017398	0.552858710	b986e134b1e08e932baf88a33cf196657bc7b121135b5bb516207c27922fe977	aac2d0d9bda8a4952b35638e0aa5e131ee67dbebf2066770e57479f5dcd40bcc
high_contact	design_7	4	4.984841045	41.729500809	false	0.293732792	0.635268390	0.253394276	0.554722190	b986e134b1e08e932baf88a33cf196657bc7b121135b5bb516207c27922fe977	aac2d0d9bda8a4952b35638e0aa5e131ee67dbebf2066770e57479f5dcd40bcc
high_contact	design_8	0	4.141912762	47.153363607	false	0.287763327	0.671002924	0.254905045	0.582973003	b986e134b1e08e932baf88a33cf196657bc7b121135b5bb516207c27922fe977	e516226ca9b4a685ddc0ca308bc9192fbf462de9ba79549924a68dc10b10f06c
high_contact	design_8	1	3.842142618	48.026377947	true	0.266147852	0.665577233	0.243276626	0.576039970	b986e134b1e08e932baf88a33cf196657bc7b121135b5bb516207c27922fe977	e516226ca9b4a685ddc0ca308bc9192fbf462de9ba79549924a68dc10b10f06c
high_contact	design_8	2	4.482768523	40.142632851	false	0.276608318	0.682963312	0.306279719	0.604587436	b986e134b1e08e932baf88a33cf196657bc7b121135b5bb516207c27922fe977	e516226ca9b4a685ddc0ca308bc9192fbf462de9ba79549924a68dc10b10f06c
high_contact	design_8	3	4.113142195	45.978716008	false	0.281447142	0.670142412	0.255046695	0.582739353	b986e134b1e08e932baf88a33cf196657bc7b121135b5bb516207c27922fe977	e516226ca9b4a685ddc0ca308bc9192fbf462de9ba79549924a68dc10b10f06c
high_contact	design_8	4	3.872105756	38.998679781	true	0.428706616	0.712580740	0.403553337	0.642139077	b986e134b1e08e932baf88a33cf196657bc7b121135b5bb516207c27922fe977	e516226ca9b4a685ddc0ca308bc9192fbf462de9ba79549924a68dc10b10f06c
high_contact	design_9	0	1.070990731	32.435031039	true	0.167499185	0.742220640	0.199387893	0.632479668	b986e134b1e08e932baf88a33cf196657bc7b121135b5bb516207c27922fe977	9aae7801f0040047f136d5a791e1769e0343dbb27626a9c56c03cadb8109ad3c
high_contact	design_9	1	1.001253143	49.902249535	true	0.100324400	0.716702759	0.100324400	0.593065381	b986e134b1e08e932baf88a33cf196657bc7b121135b5bb516207c27922fe977	9aae7801f0040047f136d5a791e1769e0343dbb27626a9c56c03cadb8109ad3c
high_contact	design_9	2	1.390299005	30.206534773	true	0.152954876	0.761962891	0.168409884	0.643882453	b986e134b1e08e932baf88a33cf196657bc7b121135b5bb516207c27922fe977	9aae7801f0040047f136d5a791e1769e0343dbb27626a9c56c03cadb8109ad3c
high_contact	design_9	3	1.186136098	37.362720223	true	0.220744476	0.760335088	0.229301080	0.651035368	b986e134b1e08e932baf88a33cf196657bc7b121135b5bb516207c27922fe977	9aae7801f0040047f136d5a791e1769e0343dbb27626a9c56c03cadb8109ad3c
high_contact	design_9	4	1.319340378	35.402907420	true	0.168356135	0.750986397	0.198221177	0.638460696	b986e134b1e08e932baf88a33cf196657bc7b121135b5bb516207c27922fe977	9aae7801f0040047f136d5a791e1769e0343dbb27626a9c56c03cadb8109ad3c
diverse	design_0	0	1.311759649	55.906984840	true	0.124453194	0.717748165	0.129480124	0.599445105	b986e134b1e08e932baf88a33cf196657bc7b121135b5bb516207c27922fe977	750e694134bbb71b73fc4896dfdc3fd79008d25ffa220660bbb425c218e7dec3
diverse	design_0	1	4.969349182	31.314745244	false	0.340410680	0.764752984	0.340410680	0.673335552	b986e134b1e08e932baf88a33cf196657bc7b121135b5bb516207c27922fe977	750e694134bbb71b73fc4896dfdc3fd79008d25ffa220660bbb425c218e7dec3
diverse	design_0	2	1.154595361	44.422231986	true	0.140204728	0.720331550	0.179508820	0.607827306	b986e134b1e08e932baf88a33cf196657bc7b121135b5bb516207c27922fe977	750e694134bbb71b73fc4896dfdc3fd79008d25ffa220660bbb425c218e7dec3
diverse	design_0	3	1.153766038	50.232133082	true	0.125907138	0.742283821	0.149338245	0.622611284	b986e134b1e08e932baf88a33cf196657bc7b121135b5bb516207c27922fe977	750e694134bbb71b73fc4896dfdc3fd79008d25ffa220660bbb425c218e7dec3
diverse	design_0	4	1.139786117	60.569805259	true	0.118565537	0.704522729	0.135147706	0.588794291	b986e134b1e08e932baf88a33cf196657bc7b121135b5bb516207c27922fe977	750e694134bbb71b73fc4896dfdc3fd79008d25ffa220660bbb425c218e7dec3
diverse	design_1	0	0.933987802	44.345067485	true	0.137610286	0.718768299	0.169117868	0.606160760	b986e134b1e08e932baf88a33cf196657bc7b121135b5bb516207c27922fe977	e69519d43df7812097666ed849102d01d17498831c968e102859f6caf3b88ebb
diverse	design_1	1	1.087909075	25.327434737	true	0.153360158	0.716691494	0.158442602	0.602464974	b986e134b1e08e932baf88a33cf196657bc7b121135b5bb516207c27922fe977	e69519d43df7812097666ed849102d01d17498831c968e102859f6caf3b88ebb
diverse	design_1	2	0.990895012	63.931826628	true	0.110794336	0.702032983	0.122734234	0.583345652	b986e134b1e08e932baf88a33cf196657bc7b121135b5bb516207c27922fe977	e69519d43df7812097666ed849102d01d17498831c968e102859f6caf3b88ebb
diverse	design_1	3	0.811367730	63.456619985	true	0.110496081	0.701347768	0.122545220	0.583004832	b986e134b1e08e932baf88a33cf196657bc7b121135b5bb516207c27922fe977	e69519d43df7812097666ed849102d01d17498831c968e102859f6caf3b88ebb
diverse	design_1	4	1.378913007	47.944194865	true	0.104518861	0.704596102	0.117190391	0.584711611	b986e134b1e08e932baf88a33cf196657bc7b121135b5bb516207c27922fe977	e69519d43df7812097666ed849102d01d17498831c968e102859f6caf3b88ebb
diverse	design_2	0	3.297405390	28.657410558	true	0.263584942	0.714544952	0.276125044	0.627441645	b986e134b1e08e932baf88a33cf196657bc7b121135b5bb516207c27922fe977	3ed726502de8fb4643abb3a3f94d9d295690c3737ac1a7527bceac732a423337
diverse	design_2	1	4.674352377	37.533763627	false	0.194611132	0.714774311	0.198045865	0.612113059	b986e134b1e08e932baf88a33cf196657bc7b121135b5bb516207c27922fe977	3ed726502de8fb4643abb3a3f94d9d295690c3737ac1a7527bceac732a423337
diverse	design_2	2	5.084354125	41.641687953	false	0.233597279	0.694899976	0.217070416	0.599966943	b986e134b1e08e932baf88a33cf196657bc7b121135b5bb516207c27922fe977	3ed726502de8fb4643abb3a3f94d9d295690c3737ac1a7527bceac732a423337
diverse	design_2	3	4.052007165	41.286428212	false	0.189437181	0.696450293	0.189325809	0.595541358	b986e134b1e08e932baf88a33cf196657bc7b121135b5bb516207c27922fe977	3ed726502de8fb4643abb3a3f94d9d295690c3737ac1a7527bceac732a423337
diverse	design_2	4	4.385339749	45.617499067	false	0.208073959	0.689194083	0.194267407	0.589124680	b986e134b1e08e932baf88a33cf196657bc7b121135b5bb516207c27922fe977	3ed726502de8fb4643abb3a3f94d9d295690c3737ac1a7527bceac732a423337
diverse	design_3	0	1.462701619	53.411140932	true	0.099429324	0.697959185	0.114302360	0.577947855	b986e134b1e08e932baf88a33cf196657bc7b121135b5bb516207c27922fe977	c6eeb82382d4c39cfa8f6f094db68ab7533a8f68f71a7f30891a22606d7cfa27
diverse	design_3	1	0.849078933	43.370914193	true	0.093328632	0.705241084	0.101141565	0.582749128	b986e134b1e08e932baf88a33cf196657bc7b121135b5bb516207c27922fe977	c6eeb82382d4c39cfa8f6f094db68ab7533a8f68f71a7f30891a22606d7cfa27
diverse	design_3	2	1.197623078	53.837327228	true	0.097131237	0.706589818	0.105344310	0.584300935	b986e134b1e08e932baf88a33cf196657bc7b121135b5bb516207c27922fe977	c6eeb82382d4c39cfa8f6f094db68ab7533a8f68f71a7f30891a22606d7cfa27
diverse	design_3	3	1.365956456	61.279229757	true	0.092524752	0.704252601	0.103618249	0.582327187	b986e134b1e08e932baf88a33cf196657bc7b121135b5bb516207c27922fe977	c6eeb82382d4c39cfa8f6f094db68ab7533a8f68f71a7f30891a22606d7cfa27
diverse	design_3	4	1.875640969	53.075777331	true	0.093370445	0.699173093	0.101976492	0.577447653	b986e134b1e08e932baf88a33cf196657bc7b121135b5bb516207c27922fe977	c6eeb82382d4c39cfa8f6f094db68ab7533a8f68f71a7f30891a22606d7cfa27
diverse	design_4	0	3.225875251	40.045026787	true	0.197445437	0.762390196	0.197445437	0.649383187	b986e134b1e08e932baf88a33cf196657bc7b121135b5bb516207c27922fe977	9ad99ece4b9984c96dfb0ea07c2ffbb48f53cfa1038bdff9cfb2841fada07509
diverse	design_4	1	0.918741739	49.761258227	true	0.113617972	0.734052896	0.119507812	0.609742939	b986e134b1e08e932baf88a33cf196657bc7b121135b5bb516207c27922fe977	9ad99ece4b9984c96dfb0ea07c2ffbb48f53cfa1038bdff9cfb2841fada07509
diverse	design_4	2	1.295023391	53.641941793	true	0.122714162	0.729462266	0.141293719	0.610709548	b986e134b1e08e932baf88a33cf196657bc7b121135b5bb516207c27922fe977	9ad99ece4b9984c96dfb0ea07c2ffbb48f53cfa1038bdff9cfb2841fada07509
diverse	design_4	3	1.018635625	34.460701944	true	0.131472349	0.726426840	0.150277644	0.611139894	b986e134b1e08e932baf88a33cf196657bc7b121135b5bb516207c27922fe977	9ad99ece4b9984c96dfb0ea07c2ffbb48f53cfa1038bdff9cfb2841fada07509
diverse	design_4	4	1.005003368	53.211496516	true	0.142323852	0.718507230	0.146161929	0.602827311	b986e134b1e08e932baf88a33cf196657bc7b121135b5bb516207c27922fe977	9ad99ece4b9984c96dfb0ea07c2ffbb48f53cfa1038bdff9cfb2841fada07509
fixed_ifold	design_0	0	6.653979900	34.672550977	false	0.221091703	0.680639267	0.228368819	0.583091199	b986e134b1e08e932baf88a33cf196657bc7b121135b5bb516207c27922fe977	306f9979559cbcefbfbe2f0a2668a4fd15f01b1efcbee215ebf2ed27ebe3d24f
fixed_ifold	design_0	1	6.077163132	36.106712564	false	0.222595870	0.673498690	0.226960689	0.578974366	b986e134b1e08e932baf88a33cf196657bc7b121135b5bb516207c27922fe977	306f9979559cbcefbfbe2f0a2668a4fd15f01b1efcbee215ebf2ed27ebe3d24f
fixed_ifold	design_0	2	2.027350120	29.899286486	true	0.276764423	0.678993046	0.258332878	0.586456716	b986e134b1e08e932baf88a33cf196657bc7b121135b5bb516207c27922fe977	306f9979559cbcefbfbe2f0a2668a4fd15f01b1efcbee215ebf2ed27ebe3d24f
fixed_ifold	design_0	3	5.659561080	34.985303200	false	0.216528982	0.677231073	0.220127448	0.578553915	b986e134b1e08e932baf88a33cf196657bc7b121135b5bb516207c27922fe977	306f9979559cbcefbfbe2f0a2668a4fd15f01b1efcbee215ebf2ed27ebe3d24f
fixed_ifold	design_0	4	5.025494138	33.324503577	false	0.225779817	0.688308001	0.226213858	0.592079699	b986e134b1e08e932baf88a33cf196657bc7b121135b5bb516207c27922fe977	306f9979559cbcefbfbe2f0a2668a4fd15f01b1efcbee215ebf2ed27ebe3d24f
fixed_ifold	design_1	0	6.050653430	33.382112298	false	0.270768285	0.684979141	0.257972121	0.590394795	b986e134b1e08e932baf88a33cf196657bc7b121135b5bb516207c27922fe977	b1c9637a92781a5bb3f6840fc5c00cd9e2e30f4233e310e9f2d0d954e747dadb
fixed_ifold	design_1	1	1.325016680	30.334706489	true	0.317313105	0.700423419	0.286159664	0.606155038	b986e134b1e08e932baf88a33cf196657bc7b121135b5bb516207c27922fe977	b1c9637a92781a5bb3f6840fc5c00cd9e2e30f4233e310e9f2d0d954e747dadb
fixed_ifold	design_1	2	5.643986900	43.471585616	false	0.207566366	0.704683542	0.223540038	0.604614198	b986e134b1e08e932baf88a33cf196657bc7b121135b5bb516207c27922fe977	b1c9637a92781a5bb3f6840fc5c00cd9e2e30f4233e310e9f2d0d954e747dadb
fixed_ifold	design_1	3	6.171535643	40.491087159	false	0.282757223	0.730431318	0.308319449	0.636502564	b986e134b1e08e932baf88a33cf196657bc7b121135b5bb516207c27922fe977	b1c9637a92781a5bb3f6840fc5c00cd9e2e30f4233e310e9f2d0d954e747dadb
fixed_ifold	design_1	4	2.915691088	31.340516993	true	0.318651229	0.694112539	0.300299674	0.610444963	b986e134b1e08e932baf88a33cf196657bc7b121135b5bb516207c27922fe977	b1c9637a92781a5bb3f6840fc5c00cd9e2e30f4233e310e9f2d0d954e747dadb
fixed_ifold	design_2	0	4.928423495	44.304807953	false	0.374310821	0.688949704	0.361215293	0.613119423	b986e134b1e08e932baf88a33cf196657bc7b121135b5bb516207c27922fe977	0daefe0bcf0a2d612027cc269f7cd2bf651c79a0352caf3f9815c40a5097b7b3
fixed_ifold	design_2	1	3.753123728	44.384531036	true	0.353008091	0.686952829	0.349245131	0.604527771	b986e134b1e08e932baf88a33cf196657bc7b121135b5bb516207c27922fe977	0daefe0bcf0a2d612027cc269f7cd2bf651c79a0352caf3f9815c40a5097b7b3
fixed_ifold	design_2	2	6.555232295	43.336284090	false	0.375620246	0.686804354	0.351757437	0.609508157	b986e134b1e08e932baf88a33cf196657bc7b121135b5bb516207c27922fe977	0daefe0bcf0a2d612027cc269f7cd2bf651c79a0352caf3f9815c40a5097b7b3
fixed_ifold	design_2	3	5.909282984	42.951387376	false	0.362170696	0.694507897	0.350188076	0.611245930	b986e134b1e08e932baf88a33cf196657bc7b121135b5bb516207c27922fe977	0daefe0bcf0a2d612027cc269f7cd2bf651c79a0352caf3f9815c40a5097b7b3
fixed_ifold	design_2	4	5.542795378	43.731294826	false	0.369190216	0.694790483	0.338067859	0.610463083	b986e134b1e08e932baf88a33cf196657bc7b121135b5bb516207c27922fe977	0daefe0bcf0a2d612027cc269f7cd2bf651c79a0352caf3f9815c40a5097b7b3
fixed_ifold	design_3	0	6.102484758	36.141054419	false	0.299360067	0.690612674	0.299360067	0.596953571	b986e134b1e08e932baf88a33cf196657bc7b121135b5bb516207c27922fe977	ad5499f75ce9acfcf086fe49720a9ee7772f5acde4c383582f59db3a3a00f95d
fixed_ifold	design_3	1	6.108541323	33.461960137	false	0.275322109	0.684991479	0.264418066	0.597265005	b986e134b1e08e932baf88a33cf196657bc7b121135b5bb516207c27922fe977	ad5499f75ce9acfcf086fe49720a9ee7772f5acde4c383582f59db3a3a00f95d
fixed_ifold	design_3	2	7.073493783	42.464087356	false	0.220837563	0.705851853	0.210187376	0.603857040	b986e134b1e08e932baf88a33cf196657bc7b121135b5bb516207c27922fe977	ad5499f75ce9acfcf086fe49720a9ee7772f5acde4c383582f59db3a3a00f95d
fixed_ifold	design_3	3	6.711285240	34.376603687	false	0.253405958	0.676907778	0.256259650	0.586146235	b986e134b1e08e932baf88a33cf196657bc7b121135b5bb516207c27922fe977	ad5499f75ce9acfcf086fe49720a9ee7772f5acde4c383582f59db3a3a00f95d
fixed_ifold	design_3	4	7.043788116	40.382169850	false	0.218327850	0.722954333	0.222648501	0.621505797	b986e134b1e08e932baf88a33cf196657bc7b121135b5bb516207c27922fe977	ad5499f75ce9acfcf086fe49720a9ee7772f5acde4c383582f59db3a3a00f95d
fixed_ifold	design_4	0	5.614907292	38.246629596	false	0.254943401	0.673144162	0.249104828	0.577312946	b986e134b1e08e932baf88a33cf196657bc7b121135b5bb516207c27922fe977	1f136f2de86faf6710022c575f3caa285fc345d638fc5aebfd5aa97de7364ac3
fixed_ifold	design_4	1	6.595761136	35.699064955	false	0.313312113	0.681263387	0.303198576	0.593347311	b986e134b1e08e932baf88a33cf196657bc7b121135b5bb516207c27922fe977	1f136f2de86faf6710022c575f3caa285fc345d638fc5aebfd5aa97de7364ac3
fixed_ifold	design_4	2	7.198668199	33.739437876	false	0.284008503	0.670029879	0.276708901	0.583249331	b986e134b1e08e932baf88a33cf196657bc7b121135b5bb516207c27922fe977	1f136f2de86faf6710022c575f3caa285fc345d638fc5aebfd5aa97de7364ac3
fixed_ifold	design_4	3	6.751487993	34.100841236	false	0.304467082	0.681842864	0.297385246	0.591400266	b986e134b1e08e932baf88a33cf196657bc7b121135b5bb516207c27922fe977	1f136f2de86faf6710022c575f3caa285fc345d638fc5aebfd5aa97de7364ac3
fixed_ifold	design_4	4	6.329640375	34.798801882	false	0.286486655	0.676251948	0.282211274	0.583646715	b986e134b1e08e932baf88a33cf196657bc7b121135b5bb516207c27922fe977	1f136f2de86faf6710022c575f3caa285fc345d638fc5aebfd5aa97de7364ac3
fixed_ifold	design_5	0	3.428415332	33.784673178	true	0.225275114	0.666582286	0.226942524	0.568151176	b986e134b1e08e932baf88a33cf196657bc7b121135b5bb516207c27922fe977	e275683f5c209f1320a631ed0c59a1f87c40b7cade9ad0b2fc63dacd6807dabd
fixed_ifold	design_5	1	1.493047072	31.974372325	true	0.287065536	0.678255141	0.257084131	0.582828701	b986e134b1e08e932baf88a33cf196657bc7b121135b5bb516207c27922fe977	e275683f5c209f1320a631ed0c59a1f87c40b7cade9ad0b2fc63dacd6807dabd
fixed_ifold	design_5	2	2.872363715	49.385082120	true	0.225343436	0.658660054	0.210966259	0.565266967	b986e134b1e08e932baf88a33cf196657bc7b121135b5bb516207c27922fe977	e275683f5c209f1320a631ed0c59a1f87c40b7cade9ad0b2fc63dacd6807dabd
fixed_ifold	design_5	3	5.662408185	35.167406392	false	0.267298043	0.669645905	0.260247499	0.576276720	b986e134b1e08e932baf88a33cf196657bc7b121135b5bb516207c27922fe977	e275683f5c209f1320a631ed0c59a1f87c40b7cade9ad0b2fc63dacd6807dabd
fixed_ifold	design_5	4	6.372874048	41.277182061	false	0.255107582	0.681414723	0.249721780	0.590447366	b986e134b1e08e932baf88a33cf196657bc7b121135b5bb516207c27922fe977	e275683f5c209f1320a631ed0c59a1f87c40b7cade9ad0b2fc63dacd6807dabd
