model_number	curated_order_index	curated_label_seq_id	residue_name_3	residue_name_1	original_pdb_id	original_label_asym_id	original_auth_asym_id	original_label_seq_id	original_auth_seq_id	original_insertion_code	kept_atom_count
1	1	1	HIS	H	6X18	E	P	1	7		10
1	2	2	ALA	A	6X18	E	P	2	8		5
1	3	3	GLU	E	6X18	E	P	3	9		9
1	4	4	GLY	G	6X18	E	P	4	10		4
1	5	5	THR	T	6X18	E	P	5	11		7
1	6	6	PHE	F	6X18	E	P	6	12		11
1	7	7	THR	T	6X18	E	P	7	13		7
1	8	8	SER	S	6X18	E	P	8	14		6
1	9	9	ASP	D	6X18	E	P	9	15		8
1	10	10	VAL	V	6X18	E	P	10	16		7
1	11	11	SER	S	6X18	E	P	11	17		6
1	12	12	SER	S	6X18	E	P	12	18		6
1	13	13	TYR	Y	6X18	E	P	13	19		12
1	14	14	LEU	L	6X18	E	P	14	20		8
1	15	15	GLU	E	6X18	E	P	15	21		9
1	16	16	GLY	G	6X18	E	P	16	22		4
1	17	17	GLN	Q	6X18	E	P	17	23		9
1	18	18	ALA	A	6X18	E	P	18	24		5
1	19	19	ALA	A	6X18	E	P	19	25		5
1	20	20	LYS	K	6X18	E	P	20	26		9
1	21	21	GLU	E	6X18	E	P	21	27		9
1	22	22	PHE	F	6X18	E	P	22	28		11
1	23	23	ILE	I	6X18	E	P	23	29		8
1	24	24	ALA	A	6X18	E	P	24	30		5
1	25	25	TRP	W	6X18	E	P	25	31		14
1	26	26	LEU	L	6X18	E	P	26	32		8
1	27	27	VAL	V	6X18	E	P	27	33		7
1	28	28	LYS	K	6X18	E	P	28	34		9
1	29	29	GLY	G	6X18	E	P	29	35		4
1	30	30	ARG	R	6X18	E	P	30	36		11
