asset	path	role	status	use_level	conditions	sha256
1D0R_glp1_7-36NH2_all20models.cif	curated_project_inputs/glp1_1D0R_all_models/1D0R_glp1_7-36NH2_all20models.cif	positive-target geometry	project_input_geometry_with_chemistry_caveat	conditional_geometry_only	Terminal amide is not explicitly encoded; use as geometry only until round-trip chemistry QC passes.	d5e033c30cda2e274f7bb67698c5db5c5fb2e5c979a89c17017ae74546fae013
6X18_glp1_7-36NH2_labelE_authP.cif	curated_project_inputs/glp1_complex_peptides/6X18_glp1_7-36NH2_labelE_authP.cif	positive-target geometry	project_input_geometry_with_chemistry_caveat	conditional_geometry_only	Terminal amide is not explicitly encoded; use as geometry only until round-trip chemistry QC passes.	11b82b2633793e6799f1d56c19a88fd52828bec5d26d9366801753dfa72d2d53
9IVG_glp1_9-36_labelA_authP_observed.cif	curated_project_inputs/glp1_complex_peptides/9IVG_glp1_9-36_labelA_authP_observed.cif	challenge-state geometry reference	project_input_geometry_only_terminal_state_unverified	blocked_until_missing_geometry_and_terminal_chemistry_are_resolved	9IVG lacks coordinates for residues 30..36 and does not verify NH2; do not use as a complete 9-36NH2 target.	e7e2288715e820028ce86d470d0b4d7daca05fa6b8fb36c05d98e34a1389d520
GLP1_project_variants.fasta	curated_project_inputs/sequence_chemistry/GLP1_project_variants.fasta	sequence registry; terminal chemistry comes from JSON sidecar	keep_derived_input	sequence_only_not_terminal_chemistry	FASTA stores residues only; read terminal chemistry from GLP1_project_variants.json.	91f9490b902755b89b761b977d381182670ebfcb75595f106c28b8b71549757d
GLP1_project_variants.json	curated_project_inputs/sequence_chemistry/GLP1_project_variants.json	canonical target-state registry	keep_derived_input	preparation_input	Registry input; convert to a validated target specification before inference.	caee7e0c8c15e72b53bf8481f81eefaafd0430433f7f3136dc35332d96345231
7eow.cif	curated_project_inputs/vhh_provisional_scaffolds/7eow/7eow.cif	smoke-test scaffold geometry	provisional_example	smoke_test_only	Official example scaffold, not a validated or project-approved production framework.	e97da07886ef0c4adaae0ed40d99cd5ffa128fc25f4246048eeb6c3752a81932
7eow.yaml	curated_project_inputs/vhh_provisional_scaffolds/7eow/7eow.yaml	BoltzGen scaffold configuration example	provisional_example	smoke_test_only	Official example scaffold, not a validated or project-approved production framework.	7dcff02227d67f807f0b3ce8b9843420df55c73eb56f32c61f1e8fec49d72008
7xl0.cif	curated_project_inputs/vhh_provisional_scaffolds/7xl0/7xl0.cif	smoke-test scaffold geometry	provisional_example	smoke_test_only	Official example scaffold, not a validated or project-approved production framework.	9599fa1658b4c9835e94fe7032d305ca731298fde1a99cf2018e6e21ab68b82c
7xl0.yaml	curated_project_inputs/vhh_provisional_scaffolds/7xl0/7xl0.yaml	BoltzGen scaffold configuration example	provisional_example	smoke_test_only	Official example scaffold, not a validated or project-approved production framework.	15dba3e9eaf55b6e5a24cc0b52ee58abe26d7357ba5419eb0fe998bf5eefe7f0
