repository_path,route,category,naming_role,size_bytes,sha256,legacy_workspace_path,legacy_sha256,transformation
.gitattributes,root,documentation_or_configuration,stable_repository_file,583,8b510e44631d86b022e7469d5e07d017c78c0f25514a4a46a6b35c33691dc4f8,,,repository_authored_or_generated_20260826
.github/workflows/repository_policy.yml,.github,documentation_or_configuration,stable_repository_file,469,2be720847275da88fcaaa11f17a20dbc49929a7f4eeafb615cfd394bf729a3a3,,,repository_authored_or_generated_20260826
.gitignore,root,documentation_or_configuration,stable_repository_file,920,d1b3baca6fe4a873b30b856ac62d91a3d680f7ef396e797479d7c6592023071f,,,repository_authored_or_generated_20260826
CONTRIBUTING.md,root,documentation_or_configuration,stable_repository_file,3273,5a79604530317e2dc6886b10a71e4f6135b2c2d085664d7cc86c6c39bf6519ed,,,repository_authored_or_generated_20260826
DATA_POLICY.md,root,documentation_or_configuration,stable_repository_file,3084,d7c87ff363f28864009851be1d0340380b4de2e25eea4b9e4c07ea1913d9bdbe,,,repository_authored_or_generated_20260826
README.md,root,documentation_or_configuration,stable_repository_file,7066,772d6a0a47a5ef3c33eb161ca1cb78ca906745e25bb80d438f9d2ac9fc644158,,,repository_authored_or_generated_20260826
SECURITY.md,root,documentation_or_configuration,stable_repository_file,870,adceb79337d4b076c225414be4028b02928e9182c337752e7cbf9d015459c70c,,,repository_authored_or_generated_20260826
THIRD_PARTY_NOTICES.md,root,documentation_or_configuration,stable_repository_file,1981,16f07251f7fd754a22c149e2b69e1c505441ed91d07f70fdede972ad840ae27b,,,repository_authored_or_generated_20260826
bindcraft/README.md,bindcraft,documentation_or_configuration,stable_repository_file,2411,b0d62c9fc713981e6c2cc86eedc2b54f39a40ddd41fe4153d155b6131501d9d6,,,repository_authored_or_generated_20260826
bindcraft/main/active_glp1_selectivity_20260823/README.md,bindcraft,documentation_or_configuration,stable_repository_file,702,29a43bce2eea9e3dfaf75f269a6596ad67ab9f72d10c358bf2d0e6571e351995,,,repository_authored_or_generated_20260826
bindcraft/main/active_glp1_selectivity_20260823/bindcraft_active_glp1_selectivity_prototype_20260823.ipynb,bindcraft,notebook,dated_artifact,69356,5362ce2562d1062225d8b1d1d9abec42c69d38f6b121f70bbf107ed7ef493e47,bindcraft/BindCraft-0823.ipynb,5362ce2562d1062225d8b1d1d9abec42c69d38f6b121f70bbf107ed7ef493e47,copied_preserving_bytes
bindcraft/notebooks/bindcraft_input_audit_20260826.ipynb,bindcraft,notebook,dated_artifact,8949,9e140388ee198a90fc2f2c9ab0d45ced08d17ae13fd00348492b22eb9d47c7ce,bindcraft/review_artifacts/bindcraft_input_audit.ipynb,c4c056115c6172b7068a8461bd71762ca7ae4867956250990b0e2551d4357851,copied_renamed_and_sanitized
bindcraft/reports/html/bindcraft_glp1_selectivity_input_audit_20260826.html,bindcraft,report_html,dated_artifact,427619,c9bd698b4058f4ac2f1c6719912dd136320343811e4855268b10eeaaa4a5a1ca,,,generated_from_canonical_artifact
bindcraft/reports/manifests/bindcraft_glp1_selectivity_input_audit_20260826.artifact.json,bindcraft,manifest,dated_artifact,32526,c4ab54461c5de56006643efdf1ebd82ae744db9a58b5f0b5a92310f3a366ea2a,,,repository_authored_or_generated_20260826
bindcraft/reports/manifests/bindcraft_glp1_selectivity_input_audit_20260826.delivery_receipt.json,bindcraft,manifest,dated_artifact,564,20a203e3afee40001114159761cd102f0683141eae0037b1a7a9c6630456db9b,,,repository_authored_or_generated_20260826
bindcraft/resources/data/GLP1选择性靶标面板_20260825/GIP_7DTY.pdb,bindcraft,curated_data,stable_repository_file,20177,a9a68972af1738fd8fd96e5f49926ef1ba4be732e0d2a5bcdfba355c9f25fe74,bindcraft/glp1_target_panel/GIP_7DTY.pdb,a9a68972af1738fd8fd96e5f49926ef1ba4be732e0d2a5bcdfba355c9f25fe74,copied_preserving_bytes
bindcraft/resources/data/GLP1选择性靶标面板_20260825/GLP1_7_36_1D0R_model1.pdb,bindcraft,curated_data,stable_repository_file,37106,78ea942c3ff16f9c3d4e94bc22bb148064eecd23667365bb984ec54964a08430,bindcraft/glp1_target_panel/GLP1_7_36_1D0R_model1.pdb,78ea942c3ff16f9c3d4e94bc22bb148064eecd23667365bb984ec54964a08430,copied_preserving_bytes
bindcraft/resources/data/GLP1选择性靶标面板_20260825/GLP1_7_36_1D0R_model10.pdb,bindcraft,curated_data,stable_repository_file,37106,3c28f0ceaa4c2fb29c9b3ad1aa8413795eb386e1a66d28eb57b966094e3cfa35,bindcraft/glp1_target_panel/GLP1_7_36_1D0R_model10.pdb,3c28f0ceaa4c2fb29c9b3ad1aa8413795eb386e1a66d28eb57b966094e3cfa35,copied_preserving_bytes
bindcraft/resources/data/GLP1选择性靶标面板_20260825/GLP1_7_36_6X18.pdb,bindcraft,curated_data,stable_repository_file,18881,3a430a6dc8c7b357c8384eaf6921bfb79dfe343e37057fc2c4a8cf6c02e2a258,bindcraft/glp1_target_panel/GLP1_7_36_6X18.pdb,3a430a6dc8c7b357c8384eaf6921bfb79dfe343e37057fc2c4a8cf6c02e2a258,copied_preserving_bytes
bindcraft/resources/data/GLP1选择性靶标面板_20260825/GLP1_9_36_1D0R_model1.pdb,bindcraft,curated_data,stable_repository_file,34757,c05508b05471479322ffab0d2df2cc84cea17212d9e4a41f583ecf1bebf35cef,bindcraft/glp1_target_panel/GLP1_9_36_1D0R_model1.pdb,c05508b05471479322ffab0d2df2cc84cea17212d9e4a41f583ecf1bebf35cef,copied_preserving_bytes
bindcraft/resources/data/GLP1选择性靶标面板_20260825/GLP1_9_36_6X18.pdb,bindcraft,curated_data,stable_repository_file,17666,5a2c134000c79fe5f2988c84a9bc45f4728b64a4ec4ddd0528b2ace9e4d3fb4f,bindcraft/glp1_target_panel/GLP1_9_36_6X18.pdb,5a2c134000c79fe5f2988c84a9bc45f4728b64a4ec4ddd0528b2ace9e4d3fb4f,copied_preserving_bytes
bindcraft/resources/data/GLP1选择性靶标面板_20260825/Glucagon_6LMK.pdb,bindcraft,curated_data,stable_repository_file,19853,2fc7600a666684e4536dfbc8b602a475d78469ac482f1958a1f25a8ead6ef7c6,bindcraft/glp1_target_panel/Glucagon_6LMK.pdb,2fc7600a666684e4536dfbc8b602a475d78469ac482f1958a1f25a8ead6ef7c6,copied_preserving_bytes
bindcraft/resources/data/GLP1选择性靶标面板_20260825/Oxyntomodulin_7LLY.pdb,bindcraft,curated_data,stable_repository_file,17990,1c5472249142bc7c0e1cd650fc40ebef7c01efc3a39d4bae88bf80a9ed325931,bindcraft/glp1_target_panel/Oxyntomodulin_7LLY.pdb,1c5472249142bc7c0e1cd650fc40ebef7c01efc3a39d4bae88bf80a9ed325931,copied_preserving_bytes
bindcraft/resources/manifests/bindcraft_evaluation_contract_review_20260826.csv,bindcraft,manifest,dated_artifact,703,617c34cc049c03e3b8646436dd01a5263198f6d5e6568fe3421dd5688d3c1eca,,,repository_authored_or_generated_20260826
bindcraft/resources/manifests/bindcraft_glp1_target_panel_20260825.csv,bindcraft,manifest,dated_artifact,2055,3a5f0099cd237cec5989c7dab1a5d3d8f665c5eb7291f871fe8b53a7faee4c40,,,repository_authored_or_generated_20260826
bindcraft/resources/manifests/bindcraft_input_audit_findings_20260826.csv,bindcraft,manifest,dated_artifact,1652,b619d87ebac995917b6c543995204a08ceec798a6ecd2cbd130f16954b949952,,,repository_authored_or_generated_20260826
bindcraft/resources/manifests/bindcraft_resources_20260826.csv,bindcraft,manifest,dated_artifact,1661,126945f8358472a78d0fd378f3a355e02aa2129283e6b0aa4a284c1fd5728a8c,,,repository_authored_or_generated_20260826
bindcraft/sessions/bindcraft_progress_20260826.md,bindcraft,documentation_or_configuration,dated_artifact,2667,edfda82ab07778053b5da6183d3caa898d7cdab291e98ec5f795f3ac709faccf,,,repository_authored_or_generated_20260826
bindcraft/tools/one_off/README.md,bindcraft,documentation_or_configuration,dated_one_off,415,27ae89d00b4adc04bffd7b59423fafcbb5b5d0eb9341befda9942d4b96288a6d,,,repository_authored_or_generated_20260826
bindcraft/tools/one_off/构建BindCraft输入审计报告_20260826.py,bindcraft,code_one_off,dated_one_off,18217,5c8bad68d67bf4d9d41d86939b08b1ca6d7862e524312cde4ab6a895b9f55058,,,repository_authored_or_generated_20260826
boltzgen/README.md,boltzgen,documentation_or_configuration,stable_repository_file,3096,9cf4ca59e7023f8645c0c70f346f3185d944ad2ca0dcd8661052a42c606cc0f5,,,repository_authored_or_generated_20260826
boltzgen/main/asset_validation_20260820/README.md,boltzgen,documentation_or_configuration,stable_repository_file,492,0ea7b38a8ce8ad6f246e7cafe6ff59d4d18a92b2efce179e921c2f6835768e6d,,,repository_authored_or_generated_20260826
boltzgen/main/asset_validation_20260820/validate_assets.py,boltzgen,code_main_or_policy,internal_implementation_in_dated_attempt,36688,c5d564b86e23e9569e9087d3d7832aa13e6c67afc459a3111ff35f5936c8ed3d,data/boltzgen_data/ai_validation_assets_v1/validate_assets.py,c5d564b86e23e9569e9087d3d7832aa13e6c67afc459a3111ff35f5936c8ed3d,copied_preserving_bytes
boltzgen/main/asset_validation_20260820/验证AI结构资产_20260820.py,boltzgen,code_main_or_policy,dated_public_entry,585,1dc42c2cf412810d99355643529abf8dd28045c0990f0ac60d1fb0e5d358f56a,,,repository_authored_or_generated_20260826
boltzgen/main/enhanced_old12_mac_20260820/README.md,boltzgen,documentation_or_configuration,stable_repository_file,1038,26397e3ced65617f2d6ef4497336dbec0dba1a83b9852036d57012cdcdfaa223,,,repository_authored_or_generated_20260826
boltzgen/main/enhanced_old12_mac_20260820/configs/01_pdb_00007xl0-A.yaml,boltzgen,documentation_or_configuration,stable_repository_file,596,c1c3c9927e2d8e705ccfe265d6dd40541953183790743c5438ab0f9c15bf8609,data/boltzgen_data/boltzgen_mac_enhanced_old12_glp1_20260820/configs/01_pdb_00007xl0-A.yaml,c1c3c9927e2d8e705ccfe265d6dd40541953183790743c5438ab0f9c15bf8609,copied_preserving_bytes
boltzgen/main/enhanced_old12_mac_20260820/configs/02_pdb_00006apo-A.yaml,boltzgen,documentation_or_configuration,stable_repository_file,596,e63308c56012e623ee3e21cf2bb8c551f32f536bd83c10d1bc8dd991b92db2d6,data/boltzgen_data/boltzgen_mac_enhanced_old12_glp1_20260820/configs/02_pdb_00006apo-A.yaml,e63308c56012e623ee3e21cf2bb8c551f32f536bd83c10d1bc8dd991b92db2d6,copied_preserving_bytes
boltzgen/main/enhanced_old12_mac_20260820/configs/03_pdb_00008v9x-A.yaml,boltzgen,documentation_or_configuration,stable_repository_file,596,d719590a242990e4e44bccbd2f69dd43182adb8a28ae25f9fb73c9c4a0ab4b7a,data/boltzgen_data/boltzgen_mac_enhanced_old12_glp1_20260820/configs/03_pdb_00008v9x-A.yaml,d719590a242990e4e44bccbd2f69dd43182adb8a28ae25f9fb73c9c4a0ab4b7a,copied_preserving_bytes
boltzgen/main/enhanced_old12_mac_20260820/configs/04_pdb_00006xxo-A.yaml,boltzgen,documentation_or_configuration,stable_repository_file,596,eab4ed2951e4078125c8bc1082f4d22c3fcead86ba0f4b4b72d7a7f4043cbb40,data/boltzgen_data/boltzgen_mac_enhanced_old12_glp1_20260820/configs/04_pdb_00006xxo-A.yaml,eab4ed2951e4078125c8bc1082f4d22c3fcead86ba0f4b4b72d7a7f4043cbb40,copied_preserving_bytes
boltzgen/main/enhanced_old12_mac_20260820/configs/05_pdb_00005l21-B.yaml,boltzgen,documentation_or_configuration,stable_repository_file,596,67fdc8994929a263184949c153fdcc8cb8d530b15ea1c5e66aa1ca08abeeec6f,data/boltzgen_data/boltzgen_mac_enhanced_old12_glp1_20260820/configs/05_pdb_00005l21-B.yaml,67fdc8994929a263184949c153fdcc8cb8d530b15ea1c5e66aa1ca08abeeec6f,copied_preserving_bytes
boltzgen/main/enhanced_old12_mac_20260820/configs/06_pdb_00008fq7-A.yaml,boltzgen,documentation_or_configuration,stable_repository_file,596,34739cb5cc52af1bb35c5d4b11fbc9051795c379e4a04ae30c06bf87f9893b9d,data/boltzgen_data/boltzgen_mac_enhanced_old12_glp1_20260820/configs/06_pdb_00008fq7-A.yaml,34739cb5cc52af1bb35c5d4b11fbc9051795c379e4a04ae30c06bf87f9893b9d,copied_preserving_bytes
boltzgen/main/enhanced_old12_mac_20260820/configs/07_pdb_00008e2n-B.yaml,boltzgen,documentation_or_configuration,stable_repository_file,596,c1c17ad2bf1414715c2d7cc830808b92841c886381f7a5cbad54a89aa5f0f35d,data/boltzgen_data/boltzgen_mac_enhanced_old12_glp1_20260820/configs/07_pdb_00008e2n-B.yaml,c1c17ad2bf1414715c2d7cc830808b92841c886381f7a5cbad54a89aa5f0f35d,copied_preserving_bytes
boltzgen/main/enhanced_old12_mac_20260820/configs/08_pdb_00006xym-A.yaml,boltzgen,documentation_or_configuration,stable_repository_file,596,7ca267ca908358080e11b7da81c588d3c801549b968a96375e17afe0126a8c2a,data/boltzgen_data/boltzgen_mac_enhanced_old12_glp1_20260820/configs/08_pdb_00006xym-A.yaml,7ca267ca908358080e11b7da81c588d3c801549b968a96375e17afe0126a8c2a,copied_preserving_bytes
boltzgen/main/enhanced_old12_mac_20260820/configs/09_pdb_00008im0-B.yaml,boltzgen,documentation_or_configuration,stable_repository_file,596,2e5b0a65112d3c8271f672b6545e860ec6f47fa85fd1a612a82476c812b95525,data/boltzgen_data/boltzgen_mac_enhanced_old12_glp1_20260820/configs/09_pdb_00008im0-B.yaml,2e5b0a65112d3c8271f672b6545e860ec6f47fa85fd1a612a82476c812b95525,copied_preserving_bytes
boltzgen/main/enhanced_old12_mac_20260820/configs/10_pdb_00003tpk-A.yaml,boltzgen,documentation_or_configuration,stable_repository_file,596,9a3737b59f7f39192fd3514c1972cfa94129d6c12d87cc3dd9bb1b3fe0b8a896,data/boltzgen_data/boltzgen_mac_enhanced_old12_glp1_20260820/configs/10_pdb_00003tpk-A.yaml,9a3737b59f7f39192fd3514c1972cfa94129d6c12d87cc3dd9bb1b3fe0b8a896,copied_preserving_bytes
boltzgen/main/enhanced_old12_mac_20260820/configs/11_pdb_00008gz6-A.yaml,boltzgen,documentation_or_configuration,stable_repository_file,596,89a7353c1aa875ce4b506f9afda24dd5f840cda53953e2cd0d73c134475d6c3d,data/boltzgen_data/boltzgen_mac_enhanced_old12_glp1_20260820/configs/11_pdb_00008gz6-A.yaml,89a7353c1aa875ce4b506f9afda24dd5f840cda53953e2cd0d73c134475d6c3d,copied_preserving_bytes
boltzgen/main/enhanced_old12_mac_20260820/configs/12_pdb_00002xv6-B.yaml,boltzgen,documentation_or_configuration,stable_repository_file,596,7812c40451f957b168a6594eee44f390277700e0e119bb00556068b8887f02dc,data/boltzgen_data/boltzgen_mac_enhanced_old12_glp1_20260820/configs/12_pdb_00002xv6-B.yaml,7812c40451f957b168a6594eee44f390277700e0e119bb00556068b8887f02dc,copied_preserving_bytes
boltzgen/main/enhanced_old12_mac_20260820/scripts/analyze_mac_enhanced.py,boltzgen,code_main_or_policy,internal_implementation_in_dated_attempt,113536,e15d7d1252ae971db1fe64b2f9c30be90228329e363e93774b6ea43c70ea82b2,data/boltzgen_data/boltzgen_mac_enhanced_old12_glp1_20260820/scripts/analyze_mac_enhanced.py,e15d7d1252ae971db1fe64b2f9c30be90228329e363e93774b6ea43c70ea82b2,copied_preserving_bytes
boltzgen/main/enhanced_old12_mac_20260820/scripts/monitor_resources.py,boltzgen,code_main_or_policy,internal_implementation_in_dated_attempt,9542,0c31f2a872cca2a1672893add1393f196c51baa1764357c8c3f76769272f09d3,data/boltzgen_data/boltzgen_mac_enhanced_old12_glp1_20260820/scripts/monitor_resources.py,0c31f2a872cca2a1672893add1393f196c51baa1764357c8c3f76769272f09d3,copied_preserving_bytes
boltzgen/main/enhanced_old12_mac_20260820/scripts/prepare_mac_enhanced.py,boltzgen,code_main_or_policy,internal_implementation_in_dated_attempt,16703,068daea2c9c2c016a13339e3a01747c66b718858429964b9cc54a9f480892bd2,data/boltzgen_data/boltzgen_mac_enhanced_old12_glp1_20260820/scripts/prepare_mac_enhanced.py,068daea2c9c2c016a13339e3a01747c66b718858429964b9cc54a9f480892bd2,copied_preserving_bytes
boltzgen/main/enhanced_old12_mac_20260820/scripts/run_mac_enhanced.py,boltzgen,code_main_or_policy,internal_implementation_in_dated_attempt,64281,efea6377ea514cfb332565c990adf0f3525bfb6d57c22d35000d79c54ffeb8cf,data/boltzgen_data/boltzgen_mac_enhanced_old12_glp1_20260820/scripts/run_mac_enhanced.py,efea6377ea514cfb332565c990adf0f3525bfb6d57c22d35000d79c54ffeb8cf,copied_preserving_bytes
boltzgen/main/enhanced_old12_mac_20260820/运行旧12骨架Mac增强_20260820.py,boltzgen,code_main_or_policy,dated_public_entry,1385,848d1cd7ae4012a55f9995afaf720b249b979ac7646c4b9a19511dceb869f17d,,,repository_authored_or_generated_20260826
boltzgen/main/mvp_data_assets_20260818/README.md,boltzgen,documentation_or_configuration,stable_repository_file,780,4e2f98d9278f6744bf49c0f0e9f74c3f05d266bbb530e92b00c4cd8f400670a7,,,repository_authored_or_generated_20260826
boltzgen/main/mvp_data_assets_20260818/scripts/curate_small_sources.py,boltzgen,code_main_or_policy,internal_implementation_in_dated_attempt,39597,12cc9416a19bfdf56b770f6d4b54740739e3833f90173c7a3712b2126a8251aa,data/boltzgen_data/mvp_assets_v0.3.2/metadata/curate_small_sources.py,12cc9416a19bfdf56b770f6d4b54740739e3833f90173c7a3712b2126a8251aa,copied_preserving_bytes
boltzgen/main/mvp_data_assets_20260818/scripts/finalize_dataset_package.py,boltzgen,code_main_or_policy,internal_implementation_in_dated_attempt,25336,e7f456fcdb2ecc5ce164234d124c46c5f611b5a96f5f6dd6e7adb9d00fc4ce58,data/boltzgen_data/mvp_assets_v0.3.2/metadata/finalize_dataset_package.py,e7f456fcdb2ecc5ce164234d124c46c5f611b5a96f5f6dd6e7adb9d00fc4ce58,copied_preserving_bytes
boltzgen/main/mvp_data_assets_20260818/准备MVP数据资产_20260818.py,boltzgen,code_main_or_policy,dated_public_entry,1271,d2f1d4e42c1053e8e22a882d26e21adcfc7a8306bbd230ff52aa68fb3bb813d2,,,repository_authored_or_generated_20260826
boltzgen/main/mvp_mac_20260818/README.md,boltzgen,documentation_or_configuration,stable_repository_file,929,244023d57434db06dfef3b32026c1b0dab382a7e913bb9e6e0d87bf91801caec,,,repository_authored_or_generated_20260826
boltzgen/main/mvp_mac_20260818/inputs/glp1_7_36_nanobody_mvp.yaml,boltzgen,documentation_or_configuration,stable_repository_file,1389,e9c6cc1bf53f89bf98961ecf710ed68001162cb7374d8cea920e88e1e470fdde,data/boltzgen_data/mvp_run_001/inputs/glp1_7_36_nanobody_mvp.yaml,f1d8a6af70bb0db49e02dbc1d18294df1aa32da29c8253a0581e148d37388113,copied_renamed_and_sanitized
boltzgen/main/mvp_mac_20260818/inputs/scaffold/7xl0_mvp_scaffold.yaml,boltzgen,documentation_or_configuration,stable_repository_file,1916,9ad78a02f7ed37dff559d4abcd9518c49443eaec5c0ef571c3ed701d5c839199,data/boltzgen_data/mvp_run_001/inputs/scaffold/7xl0_mvp_scaffold.yaml,65a0badf61dd239aaf4fe6831f2f5c5efb833eaa86d1a99fade6833fef03fc00,copied_renamed_and_sanitized
boltzgen/main/mvp_mac_20260818/scripts/analyze_results.py,boltzgen,code_main_or_policy,internal_implementation_in_dated_attempt,61112,c0555799c329079f843a08eb292f9029d699b9b0ac71ad22c8c2ec3dab6b4741,data/boltzgen_data/mvp_run_001/scripts/analyze_results.py,c0555799c329079f843a08eb292f9029d699b9b0ac71ad22c8c2ec3dab6b4741,copied_preserving_bytes
boltzgen/main/mvp_mac_20260818/scripts/run_mvp.py,boltzgen,code_main_or_policy,internal_implementation_in_dated_attempt,14292,dae4c8c50678f6fd9e0a56c95b0d1a277e7115af4cd8e4444963a26bdc9d0cfa,data/boltzgen_data/mvp_run_001/scripts/run_mvp.py,bee7f8e8d97fe1e1b93cc72588229347d4f02762a85cef4e1ca8c6269a1ac034,copied_renamed_and_sanitized
boltzgen/main/mvp_mac_20260818/运行MVP_Mac_20260819.py,boltzgen,code_main_or_policy,dated_public_entry,730,52c1ddb59dce2e118d4ba54cd54251991b6110223bf4e86fdfe63141d9effdc7,,,repository_authored_or_generated_20260826
boltzgen/main/round1_old12_mac_20260819/README.md,boltzgen,documentation_or_configuration,stable_repository_file,981,57ec3fa14dbee2d4c55616ba97b9040c9c30329b4a870fc2c458c360baf4059b,,,repository_authored_or_generated_20260826
boltzgen/main/round1_old12_mac_20260819/configs/01_pdb_00007xl0-A.yaml,boltzgen,documentation_or_configuration,stable_repository_file,596,c1c3c9927e2d8e705ccfe265d6dd40541953183790743c5438ab0f9c15bf8609,data/boltzgen_data/boltzgen_round1_old12_glp1_20260819/configs/01_pdb_00007xl0-A.yaml,c1c3c9927e2d8e705ccfe265d6dd40541953183790743c5438ab0f9c15bf8609,copied_preserving_bytes
boltzgen/main/round1_old12_mac_20260819/configs/02_pdb_00006apo-A.yaml,boltzgen,documentation_or_configuration,stable_repository_file,596,e63308c56012e623ee3e21cf2bb8c551f32f536bd83c10d1bc8dd991b92db2d6,data/boltzgen_data/boltzgen_round1_old12_glp1_20260819/configs/02_pdb_00006apo-A.yaml,e63308c56012e623ee3e21cf2bb8c551f32f536bd83c10d1bc8dd991b92db2d6,copied_preserving_bytes
boltzgen/main/round1_old12_mac_20260819/configs/03_pdb_00008v9x-A.yaml,boltzgen,documentation_or_configuration,stable_repository_file,596,d719590a242990e4e44bccbd2f69dd43182adb8a28ae25f9fb73c9c4a0ab4b7a,data/boltzgen_data/boltzgen_round1_old12_glp1_20260819/configs/03_pdb_00008v9x-A.yaml,d719590a242990e4e44bccbd2f69dd43182adb8a28ae25f9fb73c9c4a0ab4b7a,copied_preserving_bytes
boltzgen/main/round1_old12_mac_20260819/configs/04_pdb_00006xxo-A.yaml,boltzgen,documentation_or_configuration,stable_repository_file,596,eab4ed2951e4078125c8bc1082f4d22c3fcead86ba0f4b4b72d7a7f4043cbb40,data/boltzgen_data/boltzgen_round1_old12_glp1_20260819/configs/04_pdb_00006xxo-A.yaml,eab4ed2951e4078125c8bc1082f4d22c3fcead86ba0f4b4b72d7a7f4043cbb40,copied_preserving_bytes
boltzgen/main/round1_old12_mac_20260819/configs/05_pdb_00005l21-B.yaml,boltzgen,documentation_or_configuration,stable_repository_file,596,67fdc8994929a263184949c153fdcc8cb8d530b15ea1c5e66aa1ca08abeeec6f,data/boltzgen_data/boltzgen_round1_old12_glp1_20260819/configs/05_pdb_00005l21-B.yaml,67fdc8994929a263184949c153fdcc8cb8d530b15ea1c5e66aa1ca08abeeec6f,copied_preserving_bytes
boltzgen/main/round1_old12_mac_20260819/configs/06_pdb_00008fq7-A.yaml,boltzgen,documentation_or_configuration,stable_repository_file,596,34739cb5cc52af1bb35c5d4b11fbc9051795c379e4a04ae30c06bf87f9893b9d,data/boltzgen_data/boltzgen_round1_old12_glp1_20260819/configs/06_pdb_00008fq7-A.yaml,34739cb5cc52af1bb35c5d4b11fbc9051795c379e4a04ae30c06bf87f9893b9d,copied_preserving_bytes
boltzgen/main/round1_old12_mac_20260819/configs/07_pdb_00008e2n-B.yaml,boltzgen,documentation_or_configuration,stable_repository_file,596,c1c17ad2bf1414715c2d7cc830808b92841c886381f7a5cbad54a89aa5f0f35d,data/boltzgen_data/boltzgen_round1_old12_glp1_20260819/configs/07_pdb_00008e2n-B.yaml,c1c17ad2bf1414715c2d7cc830808b92841c886381f7a5cbad54a89aa5f0f35d,copied_preserving_bytes
boltzgen/main/round1_old12_mac_20260819/configs/08_pdb_00006xym-A.yaml,boltzgen,documentation_or_configuration,stable_repository_file,596,7ca267ca908358080e11b7da81c588d3c801549b968a96375e17afe0126a8c2a,data/boltzgen_data/boltzgen_round1_old12_glp1_20260819/configs/08_pdb_00006xym-A.yaml,7ca267ca908358080e11b7da81c588d3c801549b968a96375e17afe0126a8c2a,copied_preserving_bytes
boltzgen/main/round1_old12_mac_20260819/configs/09_pdb_00008im0-B.yaml,boltzgen,documentation_or_configuration,stable_repository_file,596,2e5b0a65112d3c8271f672b6545e860ec6f47fa85fd1a612a82476c812b95525,data/boltzgen_data/boltzgen_round1_old12_glp1_20260819/configs/09_pdb_00008im0-B.yaml,2e5b0a65112d3c8271f672b6545e860ec6f47fa85fd1a612a82476c812b95525,copied_preserving_bytes
boltzgen/main/round1_old12_mac_20260819/configs/10_pdb_00003tpk-A.yaml,boltzgen,documentation_or_configuration,stable_repository_file,596,9a3737b59f7f39192fd3514c1972cfa94129d6c12d87cc3dd9bb1b3fe0b8a896,data/boltzgen_data/boltzgen_round1_old12_glp1_20260819/configs/10_pdb_00003tpk-A.yaml,9a3737b59f7f39192fd3514c1972cfa94129d6c12d87cc3dd9bb1b3fe0b8a896,copied_preserving_bytes
boltzgen/main/round1_old12_mac_20260819/configs/11_pdb_00008gz6-A.yaml,boltzgen,documentation_or_configuration,stable_repository_file,596,89a7353c1aa875ce4b506f9afda24dd5f840cda53953e2cd0d73c134475d6c3d,data/boltzgen_data/boltzgen_round1_old12_glp1_20260819/configs/11_pdb_00008gz6-A.yaml,89a7353c1aa875ce4b506f9afda24dd5f840cda53953e2cd0d73c134475d6c3d,copied_preserving_bytes
boltzgen/main/round1_old12_mac_20260819/configs/12_pdb_00002xv6-B.yaml,boltzgen,documentation_or_configuration,stable_repository_file,596,7812c40451f957b168a6594eee44f390277700e0e119bb00556068b8887f02dc,data/boltzgen_data/boltzgen_round1_old12_glp1_20260819/configs/12_pdb_00002xv6-B.yaml,7812c40451f957b168a6594eee44f390277700e0e119bb00556068b8887f02dc,copied_preserving_bytes
boltzgen/main/round1_old12_mac_20260819/scripts/analyze_round1.py,boltzgen,code_main_or_policy,internal_implementation_in_dated_attempt,87424,1f721da58795a998f62b1a8d247236aaa8a21463b3c94544f71b44cab7b0aff9,data/boltzgen_data/boltzgen_round1_old12_glp1_20260819/scripts/analyze_round1.py,1f721da58795a998f62b1a8d247236aaa8a21463b3c94544f71b44cab7b0aff9,copied_preserving_bytes
boltzgen/main/round1_old12_mac_20260819/scripts/monitor_resources.py,boltzgen,code_main_or_policy,internal_implementation_in_dated_attempt,4851,5d7f5ad59b144add8e368fed8c9cda51cb3e964aa6f07da29cd675ed9bbc0b7f,data/boltzgen_data/boltzgen_round1_old12_glp1_20260819/scripts/monitor_resources.py,5d7f5ad59b144add8e368fed8c9cda51cb3e964aa6f07da29cd675ed9bbc0b7f,copied_preserving_bytes
boltzgen/main/round1_old12_mac_20260819/scripts/prepare_round1.py,boltzgen,code_main_or_policy,internal_implementation_in_dated_attempt,18705,978d4e275aa08faf9cf344433acc310ffa4fb2d2e8797f1ef7759c3a3b1f6bf2,data/boltzgen_data/boltzgen_round1_old12_glp1_20260819/scripts/prepare_round1.py,978d4e275aa08faf9cf344433acc310ffa4fb2d2e8797f1ef7759c3a3b1f6bf2,copied_preserving_bytes
boltzgen/main/round1_old12_mac_20260819/scripts/run_round1.py,boltzgen,code_main_or_policy,internal_implementation_in_dated_attempt,20714,e8c5c02c7ce2df8fd74357187369bc3ed51a7df5079f9efa4e67079dfd5de776,data/boltzgen_data/boltzgen_round1_old12_glp1_20260819/scripts/run_round1.py,e8c5c02c7ce2df8fd74357187369bc3ed51a7df5079f9efa4e67079dfd5de776,copied_preserving_bytes
boltzgen/main/round1_old12_mac_20260819/运行旧12骨架第一轮_Mac_20260819.py,boltzgen,code_main_or_policy,dated_public_entry,1402,8cf919a9461667700477d11d9027289d42a0d9d4f78c1310967fe15aa912fbde,,,repository_authored_or_generated_20260826
boltzgen/main/sabdab2_scaffold_curation_20260819/README.md,boltzgen,documentation_or_configuration,stable_repository_file,820,75ac4f80b8799e67b114f19bd4f59496f396413ccaa6e69ff7364b6af1d59734,,,repository_authored_or_generated_20260826
boltzgen/main/sabdab2_scaffold_curation_20260819/scripts/build_scaffold_database.py,boltzgen,code_main_or_policy,internal_implementation_in_dated_attempt,72268,7c7005b21778d786c39c7efc69418ffaa54659dd5c9c25e0c7a8d6dfc56bf186,data/boltzgen_data/sabdab2_vhh_scaffolds_v1/scripts/build_scaffold_database.py,7c7005b21778d786c39c7efc69418ffaa54659dd5c9c25e0c7a8d6dfc56bf186,copied_preserving_bytes
boltzgen/main/sabdab2_scaffold_curation_20260819/scripts/download_sabdab_range.py,boltzgen,code_main_or_policy,internal_implementation_in_dated_attempt,12294,cad65865e520f4fc8aad4606be830a514a8e4fbc32c93868dc465651c6463a30,data/boltzgen_data/sabdab2_vhh_scaffolds_v1/scripts/download_sabdab_range.py,cad65865e520f4fc8aad4606be830a514a8e4fbc32c93868dc465651c6463a30,copied_preserving_bytes
boltzgen/main/sabdab2_scaffold_curation_20260819/scripts/validate_boltzgen_exports.py,boltzgen,code_main_or_policy,internal_implementation_in_dated_attempt,35169,4537a7fa6df80dc83762fff1f9fe821c1f214e87ad9400264dd555bca37a1b85,data/boltzgen_data/sabdab2_vhh_scaffolds_v1/scripts/validate_boltzgen_exports.py,4537a7fa6df80dc83762fff1f9fe821c1f214e87ad9400264dd555bca37a1b85,copied_preserving_bytes
boltzgen/main/sabdab2_scaffold_curation_20260819/筛选SAbDab2_VHH骨架_20260819.py,boltzgen,code_main_or_policy,dated_public_entry,1546,b936a87f17e9b0e952f7077e33b1e213d436869f2b5d8b4065567803d483e86c,,,repository_authored_or_generated_20260826
boltzgen/notebooks/boltzgen_nanobody_mps_smoke_review_20260819.ipynb,boltzgen,notebook,dated_artifact,494818,26da2b25e09e69394fe6418fb791d7eeff7c7890ecc278d60f382898c6bc9edb,data/boltzgen_data/mvp_run_001/notebooks/BoltzGen_MVP_运行复盘.ipynb,6a9603367b310c835cf962ed71d9bb4fbc5d38e2663e508cedc5e7193b930937,copied_renamed_and_sanitized
boltzgen/notebooks/boltzgen_old12_glp1_mac_enhanced_review_20260820.ipynb,boltzgen,notebook,dated_artifact,695310,f2c40077f094719024c92aa4e9ae5ba80e18870899ae64fba2b6dac64848fc05,data/boltzgen_data/boltzgen_mac_enhanced_old12_glp1_20260820/notebooks/BoltzGen_Mac_旧12骨架_增强筛选复盘.ipynb,a1c70e6d03bc40c0e35052144039f2a89626b7ccf1bc1ef4a7addb5bafe9ceff,copied_renamed_and_sanitized
boltzgen/notebooks/boltzgen_old12_glp1_round1_review_20260819.ipynb,boltzgen,notebook,dated_artifact,2358846,309faf9c1757737fe30c24f408bf23ec00c3dd03f8422880a2cf9c22528caef1,data/boltzgen_data/boltzgen_round1_old12_glp1_20260819/notebooks/BoltzGen_旧12骨架_GLP1_第一轮复盘.ipynb,e03ada38ada4884cd63aef9aa1374cbc1fa9eecc3d2bd1c8745e6d153c2cd2ba,copied_renamed_and_sanitized
boltzgen/notebooks/sabdab2_vhh_scaffold_screening_review_20260819.ipynb,boltzgen,notebook,dated_artifact,38314,f59feaf60a1db55198cc1ff3da3af76cb0a2eaf57de75eaa6b8fdeac2dd4c415,data/boltzgen_data/sabdab2_vhh_scaffolds_v1/notebooks/SAbDab2_VHH骨架筛选复盘.ipynb,f59feaf60a1db55198cc1ff3da3af76cb0a2eaf57de75eaa6b8fdeac2dd4c415,copied_preserving_bytes
boltzgen/plans/boltzgen_glp1_vhh_execution_plan_20260826.md,boltzgen,documentation_or_configuration,dated_artifact,863611,f4f891aab65cfb7e36bbd9c07f59cd48c15f8f30c6a09934dea75d090a64abba,data/boltzgen_data/BoltzGen_GLP1_VHH_无上下文执行实施方案.md,9f2e9076640ff1a35612daf99665e35ce071ec12891dbf85096f0c1ae4ca0051,copied_renamed_and_sanitized
boltzgen/reports/html/boltzgen_mvp_data_assets_20260818.html,boltzgen,report_html,dated_artifact,587036,a5c76293c87fa588a2abb28b16123e4f00d65a13b520af1422247e91ed651630,data/boltzgen_data/mvp_assets_v0.3.2/BoltzGen_MVP_数据资产说明与样例.html,a5c76293c87fa588a2abb28b16123e4f00d65a13b520af1422247e91ed651630,copied_preserving_bytes
boltzgen/reports/html/boltzgen_nanobody_mps_smoke_20260819.html,boltzgen,report_html,dated_artifact,1908795,154f3383d0b5f1c8a6a404f29ad40745d3013059bb1baa9e63ee400b08cf2ec8,data/boltzgen_data/mvp_run_001/BoltzGen_MVP_运行结果与评价.html,154f3383d0b5f1c8a6a404f29ad40745d3013059bb1baa9e63ee400b08cf2ec8,copied_preserving_bytes
boltzgen/reports/html/boltzgen_old12_glp1_mac_enhanced_20260820.html,boltzgen,report_html,dated_artifact,883106,95df32b91147d4921cd9dc6f79d635096056e3b87af6d2d676c73823cd9fd279,data/boltzgen_data/boltzgen_mac_enhanced_old12_glp1_20260820/BoltzGen_Mac_旧12骨架_增强筛选与复盘.html,95df32b91147d4921cd9dc6f79d635096056e3b87af6d2d676c73823cd9fd279,copied_preserving_bytes
boltzgen/reports/html/boltzgen_old12_glp1_round1_20260819.html,boltzgen,report_html,dated_artifact,848669,1175f712708403ea8c7e0189e33157f31885fa884f8de9707df65431638f0963,data/boltzgen_data/boltzgen_round1_old12_glp1_20260819/BoltzGen_旧12骨架_GLP1_第一轮候选生成与复盘.html,1175f712708403ea8c7e0189e33157f31885fa884f8de9707df65431638f0963,copied_preserving_bytes
boltzgen/reports/html/boltzgen_vhh_glp1_algorithm_20260819.html,boltzgen,report_html,dated_artifact,625912,96ad595e06eaa0671d25fd2028cd1a09166f07dff9163c138ff07ec1db3ee385,data/boltzgen_data/BoltzGen_VHH_GLP-1_数据流与算法原理.html,96ad595e06eaa0671d25fd2028cd1a09166f07dff9163c138ff07ec1db3ee385,copied_preserving_bytes
boltzgen/reports/html/sabdab2_vhh_scaffold_screening_20260819.html,boltzgen,report_html,dated_artifact,542129,c94d98989dce5ffa36d9901ce240769259e90c14efbf364847462b95a22380fd,data/boltzgen_data/sabdab2_vhh_scaffolds_v1/reports/SAbDab2_VHH骨架筛选与数据库统计.html,c94d98989dce5ffa36d9901ce240769259e90c14efbf364847462b95a22380fd,copied_preserving_bytes
boltzgen/reports/manifests/boltzgen_mvp_data_assets_20260818.artifact.json,boltzgen,manifest,dated_artifact,147709,f2b2a77989b46dee299e644b3a564640002f3eb07f183b3d5d7a018929b218c9,data/boltzgen_data/mvp_assets_v0.3.2/metadata/report_artifact.json,f2b2a77989b46dee299e644b3a564640002f3eb07f183b3d5d7a018929b218c9,copied_preserving_bytes
boltzgen/reports/manifests/boltzgen_nanobody_mps_smoke_20260819.artifact.json,boltzgen,manifest,dated_artifact,772602,d16a9257d1c79981d250e879b98694fe334d1be0675b254b6ca0acaccc968e6e,data/boltzgen_data/mvp_run_001/report/report_artifact.json,d16a9257d1c79981d250e879b98694fe334d1be0675b254b6ca0acaccc968e6e,copied_preserving_bytes
boltzgen/reports/manifests/boltzgen_old12_glp1_mac_enhanced_20260820.artifact.json,boltzgen,manifest,dated_artifact,371936,eb062dee9fc5d75f50a9ae7811a0e4b4631abc37fcb59a51a581e6d9f9e8eb35,data/boltzgen_data/boltzgen_mac_enhanced_old12_glp1_20260820/report/report_artifact.json,da793f5a68e69bf329dd1aa329c6a58eadff136f6552928b701838c721c7ab20,copied_renamed_and_sanitized
boltzgen/reports/manifests/boltzgen_old12_glp1_round1_20260819.artifact.json,boltzgen,manifest,dated_artifact,319477,2c6441707224a3ebad7598989b9a1d2f08692b56908160b5d975077cc56fa7be,data/boltzgen_data/boltzgen_round1_old12_glp1_20260819/report/report_artifact.json,2c6441707224a3ebad7598989b9a1d2f08692b56908160b5d975077cc56fa7be,copied_preserving_bytes
boltzgen/reports/manifests/boltzgen_vhh_glp1_algorithm_20260819.artifact.json,boltzgen,manifest,dated_artifact,177282,f5b8bf4c88e450292f1481a79ec62ea639a52e7e65dc5e003c7521f5ac49933c,data/boltzgen_data/boltzgen_vhh_glp1_explainer/artifact.json,f5b8bf4c88e450292f1481a79ec62ea639a52e7e65dc5e003c7521f5ac49933c,copied_preserving_bytes
boltzgen/reports/manifests/sabdab2_vhh_scaffold_screening_20260819.artifact.json,boltzgen,manifest,dated_artifact,536374,00854760e2800c5b0b2e01572e27f6bba7219a0ff19e17a00ac21ac1edc8e330,data/boltzgen_data/sabdab2_vhh_scaffolds_v1/artifact_source/artifact.json,00854760e2800c5b0b2e01572e27f6bba7219a0ff19e17a00ac21ac1edc8e330,copied_preserving_bytes
boltzgen/resources/data/AI结构资产验证登记册_20260826/结构队列摘要_20260826.tsv,boltzgen,curated_data,dated_artifact,3290,e53c77e986fb3949f3b0517006176f3135936cb21edd6ca5d023c24c19ac9d95,data/boltzgen_data/ai_validation_assets_v1/cohort_summary.tsv,e53c77e986fb3949f3b0517006176f3135936cb21edd6ca5d023c24c19ac9d95,copied_preserving_bytes
boltzgen/resources/data/AI结构资产验证登记册_20260826/结构队列登记册_20260826.tsv,boltzgen,curated_data,dated_artifact,4391,065371ff4f73cca0c4fec8a17c2a07ca2b46abd6798b80fb2a7b82906a004b24,data/boltzgen_data/ai_validation_assets_v1/cohort_registry.tsv,065371ff4f73cca0c4fec8a17c2a07ca2b46abd6798b80fb2a7b82906a004b24,copied_preserving_bytes
boltzgen/resources/data/AI结构资产验证登记册_20260826/验证摘要_20260826.json,boltzgen,curated_data,dated_artifact,3162,1b4d9f024cb99518bb0cd73b29f6cef3c72ea4a23b114bd612b9f65e9b8cb01b,data/boltzgen_data/ai_validation_assets_v1/validation_summary.json,1b4d9f024cb99518bb0cd73b29f6cef3c72ea4a23b114bd612b9f65e9b8cb01b,copied_preserving_bytes
boltzgen/resources/data/AI结构资产验证登记册_20260826/骨架集合对比_20260826.tsv,boltzgen,curated_data,dated_artifact,1651,5c3291a3b0574bc862951a285e02c046b711e864863bee2b7884a6ace9065c1c,data/boltzgen_data/ai_validation_assets_v1/scaffold_comparison.tsv,5c3291a3b0574bc862951a285e02c046b711e864863bee2b7884a6ace9065c1c,copied_preserving_bytes
boltzgen/resources/data/BoltzGen旧12骨架Mac增强摘要_20260820/候选指标_20260820.csv,boltzgen,curated_data,dated_artifact,55145,7ceabc812da4d60fa06502076f06503683f843c90fb7ac6683ee5139f3383da1,data/boltzgen_data/boltzgen_mac_enhanced_old12_glp1_20260820/analysis/candidates.csv,7ceabc812da4d60fa06502076f06503683f843c90fb7ac6683ee5139f3383da1,copied_preserving_bytes
boltzgen/resources/data/BoltzGen旧12骨架Mac增强摘要_20260820/深度探针摘要_20260820.json,boltzgen,curated_data,dated_artifact,3572,1e02085d4355948ef98517a79ae7e71e488f27c0cdcb5adb6be680ccf4bf48aa,data/boltzgen_data/boltzgen_mac_enhanced_old12_glp1_20260820/analysis/deep_probe_summary.json,1e02085d4355948ef98517a79ae7e71e488f27c0cdcb5adb6be680ccf4bf48aa,copied_preserving_bytes
boltzgen/resources/data/BoltzGen旧12骨架Mac增强摘要_20260820/过滤摘要_20260820.csv,boltzgen,curated_data,dated_artifact,1133,8c94af076a7f899e7b800c64c7c1e37c90a5592964efc64c6e289013a98634af,data/boltzgen_data/boltzgen_mac_enhanced_old12_glp1_20260820/analysis/filter_summary.csv,8c94af076a7f899e7b800c64c7c1e37c90a5592964efc64c6e289013a98634af,copied_preserving_bytes
boltzgen/resources/data/BoltzGen旧12骨架Mac增强摘要_20260820/运行摘要_20260820.json,boltzgen,curated_data,dated_artifact,2425,fd9c26b51135df710a307cc1c07ba9547167802aa450e2f8b69bdbaa9e27330c,data/boltzgen_data/boltzgen_mac_enhanced_old12_glp1_20260820/analysis/run_summary.json,fd9c26b51135df710a307cc1c07ba9547167802aa450e2f8b69bdbaa9e27330c,copied_preserving_bytes
boltzgen/resources/data/BoltzGen旧12骨架第一轮摘要_20260819/一致性验证_20260819.json,boltzgen,curated_data,dated_artifact,1951,9f07ebc8a42b2a0269de9f179b46b73e722bc6887651170a66d8bed415d32173,data/boltzgen_data/boltzgen_round1_old12_glp1_20260819/analysis/validation_report.json,9f07ebc8a42b2a0269de9f179b46b73e722bc6887651170a66d8bed415d32173,copied_preserving_bytes
boltzgen/resources/data/BoltzGen旧12骨架第一轮摘要_20260819/候选指标_20260819.csv,boltzgen,curated_data,dated_artifact,27112,48fd20fbd6d7aaf8b25f12b4ba913e1402c29b5fbbe114d15e6a32d78f3c1152,data/boltzgen_data/boltzgen_round1_old12_glp1_20260819/analysis/candidate_metrics.csv,48fd20fbd6d7aaf8b25f12b4ba913e1402c29b5fbbe114d15e6a32d78f3c1152,copied_preserving_bytes
boltzgen/resources/data/BoltzGen旧12骨架第一轮摘要_20260819/过滤摘要_20260819.csv,boltzgen,curated_data,dated_artifact,1111,426312fcb85299b49655512a5b174d9f820314590bfb3b10aab4ea76fdcf9174,data/boltzgen_data/boltzgen_round1_old12_glp1_20260819/analysis/filter_summary.csv,426312fcb85299b49655512a5b174d9f820314590bfb3b10aab4ea76fdcf9174,copied_preserving_bytes
boltzgen/resources/data/GLP1_VHH推理输入_20260818/GLP1_6X18几何清理说明_20260818.json,boltzgen,curated_data,dated_artifact,2527,59a21a69fd98c43881e8308cb1fdd6870da847cbbe8303ced3545936858bc6a6,data/boltzgen_data/mvp_assets_v0.3.2/curated_project_inputs/glp1_complex_peptides/6X18_glp1_7-36NH2_labelE_authP_curation.json,59a21a69fd98c43881e8308cb1fdd6870da847cbbe8303ced3545936858bc6a6,copied_preserving_bytes
boltzgen/resources/data/GLP1_VHH推理输入_20260818/GLP1_6X18残基映射_20260818.tsv,boltzgen,curated_data,dated_artifact,1164,c8d0b1955dfce6632969356ff9309abd688c68f10c2307c449aecd6b7709c3c3,data/boltzgen_data/mvp_assets_v0.3.2/curated_project_inputs/glp1_complex_peptides/6X18_glp1_7-36NH2_labelE_authP_residue_mapping.tsv,3caf23ae5779da82be80b8e78e475c5ab4ea97dad20b9bd0b07a9f6850b6e57e,copied_renamed_and_sanitized
boltzgen/resources/data/GLP1_VHH推理输入_20260818/GLP1化学状态注册表_20260818.json,boltzgen,curated_data,dated_artifact,6427,caee7e0c8c15e72b53bf8481f81eefaafd0430433f7f3136dc35332d96345231,data/boltzgen_data/mvp_assets_v0.3.2/curated_project_inputs/sequence_chemistry/GLP1_project_variants.json,caee7e0c8c15e72b53bf8481f81eefaafd0430433f7f3136dc35332d96345231,copied_preserving_bytes
boltzgen/resources/data/GLP1_VHH推理输入_20260818/推理使用组件_20260818.tsv,boltzgen,curated_data,dated_artifact,4015,4c55762c91f44d455b2070beb95ce5c7e7de89bc838ddc74512e1fe0894399f7,data/boltzgen_data/mvp_assets_v0.3.2/curated_project_inputs/used_components.tsv,e6ae19fe95841673a390b44f12fb3ac0bf6c1b8dadda723a7840021d92c0af0b,copied_renamed_and_sanitized
boltzgen/resources/data/GLP1_VHH推理输入_20260818/推理输入白名单_20260818.tsv,boltzgen,curated_data,dated_artifact,3107,c6e4aee040e06dc87acc78fcad9a3127dbdd2fc86bb9ce8b63a93ab49d26d627,data/boltzgen_data/mvp_assets_v0.3.2/curated_project_inputs/project_input_allowlist.tsv,7a7e27412362dfab032284e7877ae290f4369d80c3c3706f6f160d15bf94d223,copied_renamed_and_sanitized
boltzgen/resources/data/SAbDab2_VHH骨架登记表_20260819/BoltzGen输入验证_20260819.tsv,boltzgen,curated_data,dated_artifact,13576,61a4d88d4db16cc98f57d564ec4789162ff172ebaf88d2ba1a67cf45d9c6a1ab,data/boltzgen_data/sabdab2_vhh_scaffolds_v1/registry/boltzgen_export_validation.tsv,0669df6aaa63a863c23253a95771905ab3578989fa658aa5c2c3dff81dfaa02f,copied_renamed_and_sanitized
boltzgen/resources/data/SAbDab2_VHH骨架登记表_20260819/VHH骨架筛选规则_20260819.json,boltzgen,curated_data,dated_artifact,2140,46a6aace3d872f0b03df4a6e0a50c774d9bddc03e3e521a432a982d4998375f2,data/boltzgen_data/sabdab2_vhh_scaffolds_v1/criteria/scaffold_screening_v1.json,46a6aace3d872f0b03df4a6e0a50c774d9bddc03e3e521a432a982d4998375f2,copied_preserving_bytes
boltzgen/resources/data/SAbDab2_VHH骨架登记表_20260819/旧12骨架登记表_20260819.tsv,boltzgen,curated_data,dated_artifact,5398,5de25678bccc3596a3ecd9cb4187faaec432c48a4ebb9fafca13b8a9ebcfae8e,data/boltzgen_data/sabdab2_vhh_scaffolds_v1/registry/selected_scaffolds.tsv,5de25678bccc3596a3ecd9cb4187faaec432c48a4ebb9fafca13b8a9ebcfae8e,copied_preserving_bytes
boltzgen/resources/data/SAbDab2_VHH骨架登记表_20260819/骨架排除原因摘要_20260819.tsv,boltzgen,curated_data,dated_artifact,466,50975c7e8b44e68fab3daa565d4f7474b0ee1b9ca26691cbd806d73840feb465,data/boltzgen_data/sabdab2_vhh_scaffolds_v1/qc/exclusion_reason_summary.tsv,50975c7e8b44e68fab3daa565d4f7474b0ee1b9ca26691cbd806d73840feb465,copied_preserving_bytes
boltzgen/resources/data/SAbDab2_VHH骨架登记表_20260819/骨架数据库摘要_20260819.json,boltzgen,curated_data,dated_artifact,4745,5da663a88ed7e8e3e2a04cb4f2e4c3eeaffdde4b1e7eedd45952a2ed884b5218,data/boltzgen_data/sabdab2_vhh_scaffolds_v1/registry/database_summary.json,5da663a88ed7e8e3e2a04cb4f2e4c3eeaffdde4b1e7eedd45952a2ed884b5218,copied_preserving_bytes
boltzgen/resources/data/SAbDab2_VHH骨架登记表_20260819/骨架筛选漏斗_20260819.tsv,boltzgen,curated_data,dated_artifact,354,b9c133e840a874eb5dd1b8eae8f8800f61e4836e6ddaf0d8cb86085c580e226f,data/boltzgen_data/sabdab2_vhh_scaffolds_v1/qc/screening_funnel.tsv,b9c133e840a874eb5dd1b8eae8f8800f61e4836e6ddaf0d8cb86085c580e226f,copied_preserving_bytes
boltzgen/resources/manifests/boltzgen_attempt_outcomes_20260826.csv,boltzgen,manifest,dated_artifact,362,7b92f22e572eb98c85c1624ecc9358713be4f536cf358041009338e90c45ca4d,,,repository_authored_or_generated_20260826
boltzgen/resources/manifests/boltzgen_resources_20260826.csv,boltzgen,manifest,dated_artifact,6199,aaf195366266a33934b8fa8a2d07fbdbb17bb00280d01687b997b25a88cc825f,,,repository_authored_or_generated_20260826
boltzgen/sessions/boltzgen_progress_20260826.md,boltzgen,documentation_or_configuration,dated_artifact,2547,323c8e402d9ddcddd578156231160a7e4527fe0db046d113f833525c305dbbf2,,,repository_authored_or_generated_20260826
boltzgen/tools/one_off/README.md,boltzgen,documentation_or_configuration,dated_one_off,566,bd14a07640faa4d1f98954b266d8b928ee542990aca62d24c08c3e220ffb4a8e,,,repository_authored_or_generated_20260826
boltzgen/tools/one_off/notebook_builders/构建MVP复盘笔记本_20260818.py,boltzgen,code_one_off,dated_one_off,40772,7e3e42ce7b58fa47e1a6cb087f3d8860551f7cde74572922841cfc1d495cc5ef,data/boltzgen_data/mvp_run_001/scripts/build_notebook.py,7e3e42ce7b58fa47e1a6cb087f3d8860551f7cde74572922841cfc1d495cc5ef,copied_preserving_bytes
boltzgen/tools/one_off/notebook_builders/构建VHH骨架审计笔记本_20260819.py,boltzgen,code_one_off,dated_one_off,7478,13b4cdbcb0d5e1f6ea2e9b6c7463d6368e7541ab59fe3d9eb4bb69ee626487f6,data/boltzgen_data/sabdab2_vhh_scaffolds_v1/scripts/build_audit_notebook.py,13b4cdbcb0d5e1f6ea2e9b6c7463d6368e7541ab59fe3d9eb4bb69ee626487f6,copied_preserving_bytes
boltzgen/tools/one_off/notebook_builders/构建旧12骨架Mac增强笔记本_20260820.py,boltzgen,code_one_off,dated_one_off,62249,17d67ad3dcc84f4f2096eccb9e5be73b47b5c5d0ca9dd5ce6005cf31730956a9,data/boltzgen_data/boltzgen_mac_enhanced_old12_glp1_20260820/scripts/build_notebook.py,aa652bdeceb3e2ea94b426e74988cd48a7d9550e48af2953aa6a6d2842419c63,copied_renamed_and_sanitized
boltzgen/tools/one_off/notebook_builders/构建旧12骨架第一轮笔记本_20260819.py,boltzgen,code_one_off,dated_one_off,68702,0c8a56fceb29d79fa5781568ffb8236d43426ef9f91a3ba1e702e578a3ca7002,data/boltzgen_data/boltzgen_round1_old12_glp1_20260819/scripts/build_notebook.py,0c8a56fceb29d79fa5781568ffb8236d43426ef9f91a3ba1e702e578a3ca7002,copied_preserving_bytes
boltzgen/tools/one_off/profiling/剖析BoltzGen检查点_20260818.py,boltzgen,code_one_off,dated_one_off,9743,ad0aae65e99d99a4af85eae86ec21881f3f402362e33b625462da06744ce0699,data/boltzgen_data/mvp_assets_v0.3.2/metadata/profile_checkpoints.py,ad0aae65e99d99a4af85eae86ec21881f3f402362e33b625462da06744ce0699,copied_preserving_bytes
boltzgen/tools/one_off/profiling/剖析MVP数据资产_20260818.py,boltzgen,code_one_off,dated_one_off,11923,c8ec814abb0f13800b647a15546e5bc2953e3548fe84d3a0198bd55b50226706,data/boltzgen_data/mvp_assets_v0.3.2/metadata/profile_assets.py,c8ec814abb0f13800b647a15546e5bc2953e3548fe84d3a0198bd55b50226706,copied_preserving_bytes
boltzgen/tools/one_off/release/封存旧12骨架Mac增强交付_20260820.py,boltzgen,code_one_off,dated_one_off,9843,a7b3e6fe475cf2aea860e13cea1a15a0676330a4b46fde22e5438efb4f37cb7b,data/boltzgen_data/boltzgen_mac_enhanced_old12_glp1_20260820/scripts/finalize_release.py,a7b3e6fe475cf2aea860e13cea1a15a0676330a4b46fde22e5438efb4f37cb7b,copied_preserving_bytes
boltzgen/tools/one_off/release/封存旧12骨架第一轮交付_20260819.py,boltzgen,code_one_off,dated_one_off,4917,a9a53b5f90e9480efc5b17d3ef78ba3a1f7744941910056110aee66108a0ddc9,data/boltzgen_data/boltzgen_round1_old12_glp1_20260819/scripts/finalize_release.py,a9a53b5f90e9480efc5b17d3ef78ba3a1f7744941910056110aee66108a0ddc9,copied_preserving_bytes
boltzgen/tools/one_off/report_builders/构建BoltzGen数据流原理报告_20260819.py,boltzgen,code_one_off,dated_one_off,93118,de3f4750999a3d0058262a515117dd7f2c6d85e6cc526b9ea48c6a79af2409df,data/boltzgen_data/boltzgen_vhh_glp1_explainer/build_report.py,1879e92677724eb69a2f2bb10a6335e449790194da68818abb6ebc0c64376ad1,copied_renamed_and_sanitized
boltzgen/tools/one_off/report_builders/构建MVP数据资产报告_20260818.py,boltzgen,code_one_off,dated_one_off,52860,b97938acd11f1768eb915d2f0c895cc78554b06b8a217caf488142ea2a8a7aff,data/boltzgen_data/mvp_assets_v0.3.2/metadata/build_report_artifact.py,b97938acd11f1768eb915d2f0c895cc78554b06b8a217caf488142ea2a8a7aff,copied_preserving_bytes
boltzgen/tools/one_off/report_builders/构建MVP运行报告_20260818.py,boltzgen,code_one_off,dated_one_off,44556,f5153cb26d7520d510f230f9bd7fa3adda45f319d06da056ecf3b852fbc2d986,data/boltzgen_data/mvp_run_001/scripts/build_report_artifact.py,f5153cb26d7520d510f230f9bd7fa3adda45f319d06da056ecf3b852fbc2d986,copied_preserving_bytes
boltzgen/tools/one_off/report_builders/构建VHH骨架统计报告_20260819.py,boltzgen,code_one_off,dated_one_off,28597,6400fd81105d27d8e4b6b8863c3998b0a5acc8d906c97626626364ee61219211,data/boltzgen_data/sabdab2_vhh_scaffolds_v1/scripts/build_report_artifact.py,6400fd81105d27d8e4b6b8863c3998b0a5acc8d906c97626626364ee61219211,copied_preserving_bytes
boltzgen/tools/one_off/report_builders/构建旧12骨架Mac增强报告_20260820.py,boltzgen,code_one_off,dated_one_off,101630,ba121f73ad069e8a0979cd595e530e8dcc7805646f487bba2a0df952d7041c68,data/boltzgen_data/boltzgen_mac_enhanced_old12_glp1_20260820/scripts/build_report_artifact.py,ba121f73ad069e8a0979cd595e530e8dcc7805646f487bba2a0df952d7041c68,copied_preserving_bytes
boltzgen/tools/one_off/report_builders/构建旧12骨架第一轮报告_20260819.py,boltzgen,code_one_off,dated_one_off,93871,1b503e485bca6329c5b6f93fa159c64eb30d716b44e985e69f9ab48285c68856,data/boltzgen_data/boltzgen_round1_old12_glp1_20260819/scripts/build_report_artifact.py,1b503e485bca6329c5b6f93fa159c64eb30d716b44e985e69f9ab48285c68856,copied_preserving_bytes
shared/README.md,shared,documentation_or_configuration,stable_repository_file,684,71d29d3b2ba6b7551aae3fb922db57662d31899de8658ba1173426bf0bd0148e,,,repository_authored_or_generated_20260826
shared/main/repository_policy/check_repository_policy.py,shared,code_main_or_policy,stable_repository_file,5500,8e595662f4dc0dec25b8a560dfbbafb966fbe7a709bef0c82f4bf7f7e8ad5c27,,,repository_authored_or_generated_20260826
shared/reports/html/glp1_ai_design_knowledge_graph_20260819.html,shared,report_html,dated_artifact,1953627,63a180582f4f818b0bc09232174790a339668e0a2be772b68106195ed0e9310e,AI创制活性GLP-1知识图谱.html,63a180582f4f818b0bc09232174790a339668e0a2be772b68106195ed0e9310e,copied_preserving_bytes
shared/reports/html/glp1_ai_implementation_blueprint_20260818.html,shared,report_html,dated_artifact,250664,276848f13d0cd8e7ffb168283b3cb287d539ec2d496d98a45d3185adbef9b849,ai相关.html,276848f13d0cd8e7ffb168283b3cb287d539ec2d496d98a45d3185adbef9b849,copied_preserving_bytes
shared/reports/html/glp1_project_session_resource_overview_20260826.html,shared,report_html,dated_artifact,427636,84cd9596d500674def77098c46a43c0ec971e668598f93ce8c7274e6fdff3b40,,,generated_from_canonical_artifact
shared/reports/manifests/chart_map_20260826.md,shared,manifest,dated_artifact,1051,ac959c4e52dc09b431dea9d321aafee1367d9c92d6237dd3bc5d31e35385ca7e,,,repository_authored_or_generated_20260826
shared/reports/manifests/glp1_project_session_resource_overview_20260826.artifact.json,shared,manifest,dated_artifact,40707,cb4f4a7201a930aa56b121dd94d3cb0f9c681198e3155282eb921760661c175c,,,repository_authored_or_generated_20260826
shared/reports/manifests/glp1_project_session_resource_overview_20260826.delivery_receipt.json,shared,manifest,dated_artifact,561,efbc99878892caf02fd84520bc65b1f3fbc1771f37a610fa8fb73052aa7207ac,,,repository_authored_or_generated_20260826
shared/resources/manifests/all_resources_20260826.csv,shared,manifest,dated_artifact,7618,7c8bbf510efac25175d0f4eaa946892dd97f04d0b62ec0b010613cd2def3ea05,,,repository_authored_or_generated_20260826
shared/resources/manifests/local_workspace_layout_20260826.csv,shared,manifest,dated_artifact,7058,2a7bfb5b5977e8ff218a89fc849138a45a9d56c3e94979ff15cd7b077496964e,,,repository_authored_or_generated_20260826
shared/resources/manifests/project_status_20260826.csv,shared,manifest,dated_artifact,835,9e36317ead51fe2ce39bd492825b78b34864ef97275b9d8179cca327bc3a4876,,,repository_authored_or_generated_20260826
shared/resources/manifests/session_index_20260826.csv,shared,manifest,dated_artifact,2918,fd2fa01a129f2b7163f97fb96245da003e8875eb0b8f0dbe7b11247d04276946,,,repository_authored_or_generated_20260826
shared/sessions/project_session_overview_20260826.md,shared,documentation_or_configuration,dated_artifact,3730,1bdeac4c84ba8d47d0b0b64adb7700e687e5de847f7f0db73a9833364be0b7a3,,,repository_authored_or_generated_20260826
shared/tools/one_off/README.md,shared,documentation_or_configuration,dated_one_off,1113,5a3d12017f060222dc181cf61d817d347e11c7a249b36750e02977cb16a926a5,,,repository_authored_or_generated_20260826
shared/tools/one_off/整理本地工作区_20260826.py,shared,code_one_off,dated_one_off,21861,1d2c31dc6b68bc7960e40bfb744287d71801175440dd26494d6c8fddfa40ec3f,,,repository_authored_or_generated_20260826
shared/tools/one_off/构建仓库文件映射_20260826.py,shared,code_one_off,dated_one_off,16045,309f985c0e544aae36139580cfa745bcf6d3b8a529ce954f726de27716b19bf6,,,repository_authored_or_generated_20260826
shared/tools/one_off/构建本地资产树清单_20260826.py,shared,code_one_off,dated_one_off,17074,19c6aa84af42778015c39e800695f3302f9e95aea722cdb95242cd7b91815eca,,,repository_authored_or_generated_20260826
shared/tools/one_off/构建资源索引_20260826.py,shared,code_one_off,dated_one_off,19147,0665bcba187d62106d1a01a91932e132bb704eeb6e185e6e4a10b63505537e57,,,repository_authored_or_generated_20260826
shared/tools/one_off/构建项目总览报告_20260826.py,shared,code_one_off,dated_one_off,20994,c32025e7615949a3c0871bab65febf8b963d504df9d166ef0d0d261b5f4db6d6,,,repository_authored_or_generated_20260826
